Date,AAPL,MSFT,NVDA,GOOGL,AMZN,META,TSM,AVGO,TSLA,ORCL
2026-03-18,215.04,178.48,1437.21,308.35,140.07,223.07,325.49,761.47,182.79,244.62
2026-03-17,216.56,180.41,1433.59,310.18,142.14,225.23,328.29,769.51,183.39,248.20
2026-03-16,215.36,180.65,1443.76,304.83,139.86,226.97,321.93,778.15,181.68,250.25
2026-03-13,213.06,178.67,1420.35,301.56,137.17,221.81,320.11,771.54,179.68,248.87
2026-03-12,217.86,181.52,1443.12,302.83,138.40,230.65,318.60,804.62,181.43,255.37
2026-03-11,222.16,182.88,1465.90,307.97,140.46,236.68,335.48,818.03,187.31,261.73
2026-03-10,222.18,183.28,1455.89,306.31,141.57,236.39,328.42,820.45,183.37,239.71
2026-03-09,221.37,184.93,1439.19,305.63,141.01,233.98,329.94,828.04,183.12,243.18
2026-03-06,219.31,184.72,1401.13,297.60,140.83,233.06,320.66,791.47,182.22,245.42
2026-03-05,221.72,185.50,1444.62,299.95,144.61,238.74,334.82,796.95,186.27,248.36
2026-03-04,223.62,183.03,1442.26,302.20,143.21,241.33,338.21,760.45,186.45,244.48
2026-03-03,224.67,182.45,1418.70,302.64,137.87,236.76,334.13,751.62,180.25,239.09
2026-03-02,225.49,180.02,1437.85,305.58,137.64,236.21,349.25,763.54,185.25,239.47
2026-02-27,225.03,177.40,1396.16,310.80,138.71,234.26,354.43,765.29,184.88,233.29
2026-02-26,232.50,181.45,1456.84,306.43,137.33,237.46,356.54,770.44,187.66,241.17
2026-02-25,233.59,180.95,1540.91,311.94,139.13,236.26,366.87,795.85,191.71,237.29
2026-02-24,231.81,175.71,1519.56,309.94,137.75,231.06,365.00,779.52,188.03,234.48
2026-02-23,226.74,173.66,1509.31,310.53,135.58,230.31,350.13,791.13,183.64,226.73
2026-02-20,225.37,179.43,1495.68,314.01,138.78,236.97,350.61,796.67,189.15,237.59
2026-02-19,221.97,179.98,1480.55,301.92,135.31,233.04,341.00,799.87,189.10,251.17
2026-02-18,225.18,180.09,1481.18,302.40,135.26,232.47,342.77,798.73,188.92,250.57
2026-02-17,224.78,178.85,1457.47,301.09,132.86,231.05,344.61,796.40,188.60,247.04
2026-02-13,217.88,180.86,1440.45,304.78,131.30,231.22,346.65,778.75,191.73,256.94
2026-02-12,222.95,181.09,1472.99,308.05,131.84,234.85,348.30,793.12,191.56,251.07
2026-02-11,234.68,182.23,1497.49,310.00,134.80,241.68,353.96,820.88,196.71,252.16
2026-02-10,233.13,186.25,1485.60,317.60,136.70,242.41,342.44,815.32,195.30,256.54
2026-02-09,233.93,186.39,1497.42,323.32,137.86,244.76,336.29,823.70,191.68,251.25
2026-02-06,236.69,180.78,1460.93,321.87,138.92,239.06,330.08,797.31,188.83,229.15
2026-02-05,234.81,177.41,1354.32,330.23,147.09,242.23,312.94,743.64,182.44,218.98
2026-02-04,235.30,186.66,1372.53,332.01,153.89,241.79,308.22,737.75,186.48,235.33
2026-02-03,229.33,185.32,1420.98,338.66,157.61,249.99,317.69,767.16,193.81,248.17
2026-02-02,229.78,190.80,1462.51,342.63,160.48,255.31,322.99,792.98,193.74,256.82
2026-01-30,220.82,193.92,1506.00,336.96,158.06,258.96,312.78,793.43,197.69,264.07
2026-01-29,219.80,195.36,1516.88,337.21,159.66,266.84,321.28,792.07,191.33,271.18
2026-01-28,218.24,217.05,1509.08,334.97,160.51,241.69,323.88,798.08,198.17,277.26
2026-01-27,219.79,216.58,1485.44,333.52,161.61,243.22,320.14,797.00,197.91,280.63
2026-01-26,217.36,211.94,1469.29,332.23,157.48,243.00,314.81,777.99,199.89,292.72
2026-01-23,211.09,209.99,1478.74,326.92,157.97,238.09,316.85,766.49,206.26,284.25
2026-01-22,211.35,203.31,1456.44,329.52,154.78,234.07,309.76,779.52,206.39,285.89
2026-01-21,210.76,200.14,1444.47,327.37,152.78,221.54,308.57,787.45,198.16,278.99
2026-01-20,209.95,204.84,1403.10,321.01,152.58,218.34,309.56,796.55,192.56,288.68
2026-01-16,217.46,207.24,1467.39,328.98,157.94,224.17,323.98,842.31,200.95,306.60
2026-01-15,219.74,205.80,1473.86,331.75,157.32,224.37,323.26,821.50,201.44,304.61
2026-01-14,221.23,207.03,1443.05,334.81,156.31,222.46,309.51,814.00,201.73,310.65
2026-01-13,222.16,212.11,1464.08,334.93,160.24,228.09,313.39,849.26,205.40,324.57
2026-01-12,221.48,215.05,1457.23,330.84,162.79,232.02,313.92,843.51,206.21,328.41
2026-01-09,220.73,215.99,1456.60,327.56,163.40,236.03,306.22,826.17,204.40,318.52
2026-01-08,220.45,215.47,1458.02,324.44,162.68,233.50,300.90,796.26,200.17,303.49
2026-01-07,221.55,217.88,1490.09,320.99,159.55,234.45,301.54,822.65,198.15,308.60
2026-01-06,223.27,215.65,1475.35,313.37,159.14,238.76,309.81,823.30,198.86,310.05
2026-01-05,227.44,213.10,1482.29,315.56,153.94,238.10,304.91,822.46,207.45,308.20
2026-01-02,230.64,213.14,1488.04,314.18,149.60,235.07,302.42,832.52,201.21,313.19
2025-12-31,231.36,217.95,1469.52,312.04,152.46,238.57,287.54,828.88,206.56,311.91
2025-12-30,232.40,219.69,1477.72,312.88,153.59,240.69,283.46,837.86,208.72,315.59
2025-12-29,232.98,219.52,1483.07,312.59,153.28,238.06,284.73,836.76,211.12,312.66
2025-12-26,232.67,219.79,1501.28,312.54,153.58,239.73,286.55,843.32,218.26,316.84
2025-12-24,233.02,219.93,1486.15,313.12,153.49,241.27,282.72,838.74,222.95,316.04
2025-12-23,231.78,219.41,1490.88,313.38,153.33,240.32,280.97,836.59,223.02,312.60
2025-12-22,230.60,218.54,1447.38,308.83,150.88,239.08,277.50,817.74,224.48,317.46
2025-12-19,232.90,218.99,1426.11,306.21,150.17,238.09,273.40,813.57,221.02,307.20
2025-12-18,231.64,218.11,1372.13,301.53,149.78,240.14,269.36,788.52,222.01,288.10
2025-12-17,231.34,214.57,1346.92,295.81,146.15,234.74,262.06,779.30,214.62,285.58
2025-12-16,233.70,214.69,1400.34,305.63,147.00,237.51,271.44,815.82,225.00,301.89
2025-12-15,233.27,213.98,1389.07,307.27,146.99,234.02,272.26,812.26,218.31,295.92
2025-12-12,236.82,215.66,1379.07,308.34,149.40,232.65,276.33,860.35,210.80,304.00
2025-12-11,236.61,217.88,1425.63,311.47,152.10,235.71,288.45,971.36,205.26,318.21
2025-12-10,237.25,215.67,1448.09,319.22,153.09,234.78,292.66,987.14,207.35,356.88
2025-12-09,235.89,221.74,1457.47,316.10,150.54,237.24,286.31,971.17,204.47,354.51
2025-12-08,236.49,221.28,1462.04,312.75,149.86,240.80,284.86,958.76,201.90,352.92
2025-12-05,237.25,217.74,1437.29,320.07,151.61,243.19,278.11,932.80,208.98,348.19
2025-12-04,238.88,216.70,1444.94,316.43,151.33,238.89,276.42,910.79,208.77,342.98
2025-12-03,241.82,215.30,1415.00,318.44,153.49,230.98,278.80,909.78,205.19,332.42
2025-12-02,243.55,220.83,1429.73,314.63,154.84,233.68,275.63,912.08,197.15,321.81
2025-12-01,240.92,219.36,1417.60,313.71,154.48,231.43,271.47,922.86,197.57,321.56
2025-11-28,237.31,221.73,1394.59,318.98,154.04,233.99,275.08,963.21,197.58,323.17
2025-11-26,236.20,218.80,1420.27,318.76,151.36,228.81,273.62,950.32,195.93,327.99
2025-11-25,235.71,214.96,1401.05,322.23,151.70,229.75,268.64,920.35,192.63,315.30
2025-11-24,234.81,213.61,1438.32,317.39,149.46,221.39,268.60,903.45,191.89,320.50
2025-11-21,231.04,212.77,1409.40,298.54,145.77,214.60,259.56,813.19,179.63,318.07
2025-11-20,226.59,215.61,1423.27,288.37,143.42,212.76,261.86,829.02,181.53,337.16
2025-11-19,228.55,219.12,1469.60,291.72,147.09,213.18,266.46,847.18,185.55,360.91
2025-11-18,227.60,222.12,1428.94,283.22,147.00,215.84,262.25,813.91,184.30,352.84
2025-11-17,227.61,228.28,1470.23,283.96,153.81,217.40,266.12,819.05,187.82,351.83
2025-11-14,231.83,229.49,1498.36,275.38,155.01,220.09,268.77,818.59,185.72,356.62
2025-11-13,232.29,226.39,1472.28,277.53,156.92,220.25,266.30,812.67,184.64,348.17
2025-11-12,232.73,229.92,1526.96,285.64,161.30,219.93,274.24,849.09,197.78,363.24
2025-11-11,234.24,228.82,1521.91,290.22,164.53,226.45,274.76,841.30,201.92,377.90
2025-11-10,229.29,227.61,1568.32,289.02,164.07,228.14,278.63,856.67,204.50,385.39
2025-11-07,228.25,223.48,1482.44,277.79,161.43,224.51,270.36,835.25,197.28,382.88
2025-11-06,229.36,223.61,1481.89,283.69,160.53,223.51,272.94,849.98,204.81,390.14
2025-11-05,229.67,228.13,1538.07,283.25,165.26,229.66,277.09,858.08,212.23,400.56
2025-11-04,229.59,231.36,1565.49,276.50,164.68,226.54,277.48,841.25,204.05,397.14
2025-11-03,228.75,232.57,1630.01,282.66,167.77,230.29,287.68,866.61,215.12,412.63
2025-10-31,229.87,232.92,1595.43,280.14,161.31,234.13,283.50,883.54,209.70,420.25
2025-10-30,230.74,236.50,1598.58,280.43,147.20,240.68,286.13,899.89,202.14,411.09
2025-10-29,229.30,243.60,1631.28,273.55,152.11,271.45,287.90,922.62,211.97,440.55
2025-10-28,228.70,243.83,1583.92,266.47,151.42,271.36,284.54,891.52,211.53,449.40
2025-10-27,228.54,239.09,1508.76,268.26,149.91,271.14,281.44,865.42,207.80,450.31
2025-10-24,223.45,235.53,1467.55,258.95,148.09,266.64,278.34,846.49,199.21,453.40
2025-10-23,220.69,234.16,1435.24,252.14,146.03,265.07,274.35,822.97,206.22,448.19
2025-10-22,219.73,234.15,1420.43,250.75,143.96,264.85,272.60,813.43,201.62,436.33
2025-10-21,223.41,232.85,1427.37,249.53,146.65,264.80,277.92,819.07,203.29,440.31
2025-10-20,222.96,232.46,1439.03,255.59,142.99,264.40,280.93,834.80,205.51,443.56
2025-10-17,214.50,231.02,1443.60,252.35,140.71,258.90,278.45,835.01,201.78,466.17
2025-10-16,210.38,230.13,1432.49,250.52,141.66,257.15,282.94,846.54,196.93,500.88
2025-10-15,211.99,230.95,1416.89,250.09,142.38,259.12,287.54,839.80,199.87,485.87
2025-10-14,210.65,231.02,1418.46,244.53,142.93,255.91,279.26,822.59,197.15,478.48
2025-10-13,210.56,231.23,1483.78,243.24,145.36,258.46,285.82,852.63,200.21,492.90
2025-10-10,208.53,229.84,1443.12,235.69,142.91,254.70,264.85,775.97,189.92,468.81
2025-10-09,215.98,234.99,1517.27,240.63,150.42,264.89,282.98,824.71,200.05,475.21
2025-10-08,219.40,236.09,1490.00,243.71,148.76,259.23,287.36,825.86,201.49,461.08
2025-10-07,218.06,235.70,1457.94,244.84,146.49,257.51,277.46,804.13,198.92,454.07
2025-10-06,218.24,237.76,1461.88,249.50,145.91,258.44,285.36,801.93,208.18,465.81
2025-10-03,219.37,232.72,1478.26,244.43,144.99,256.60,275.73,808.82,197.42,457.11
2025-10-02,218.61,231.99,1488.27,244.77,146.90,262.56,271.88,808.36,200.26,461.32
2025-10-01,217.18,233.78,1475.27,243.99,145.73,259.05,272.22,796.91,211.03,461.69
2025-09-30,216.49,232.99,1470.07,242.19,145.03,265.20,263.55,788.59,204.26,449.28
2025-09-29,216.32,231.48,1432.80,243.14,146.74,268.46,257.83,783.79,203.57,451.71
2025-09-26,217.19,230.07,1403.97,245.62,145.17,268.59,257.96,799.64,202.28,452.83
2025-09-25,218.39,228.07,1400.03,244.87,144.09,270.45,261.07,803.39,194.47,465.40
2025-09-24,214.51,229.48,1394.35,246.22,145.45,274.69,264.89,811.06,203.38,492.76
2025-09-23,216.32,229.06,1405.86,250.72,145.78,272.79,266.78,810.18,195.60,501.34
2025-09-22,217.72,231.41,1446.67,251.59,150.35,276.32,257.27,809.82,199.44,524.22
2025-09-19,208.72,232.98,1391.99,253.77,152.89,280.90,249.95,823.11,195.70,493.08
2025-09-18,202.25,228.71,1388.60,251.09,152.73,281.58,253.50,824.09,191.46,473.85
2025-09-17,203.19,229.42,1341.72,248.60,152.99,279.94,247.98,826.05,195.60,481.50
2025-09-16,202.48,228.98,1377.89,250.22,154.59,281.13,247.29,859.05,193.65,489.87
2025-09-15,201.24,231.82,1400.50,250.67,152.86,275.97,245.88,868.81,188.33,482.67
2025-09-12,199.01,229.36,1401.05,239.90,150.69,272.68,243.95,858.74,181.86,466.76
2025-09-11,195.57,225.37,1395.93,239.47,151.88,270.99,243.55,858.16,169.40,491.80
2025-09-10,192.82,225.08,1397.11,238.28,152.13,271.38,244.99,881.88,159.74,524.50
2025-09-09,199.24,224.20,1345.35,238.74,157.36,276.33,236.04,803.38,159.37,385.81
2025-09-08,202.25,224.10,1326.05,233.17,155.77,271.49,232.53,824.81,159.10,380.97
2025-09-05,203.78,222.66,1315.88,233.91,153.45,271.54,228.97,799.13,161.14,371.90
2025-09-04,203.86,228.50,1352.44,231.23,155.67,270.17,221.26,730.43,155.49,356.24
2025-09-03,202.75,227.32,1344.25,229.59,149.27,265.99,217.67,721.58,153.45,356.96
2025-09-02,195.31,227.21,1345.51,210.37,148.84,265.29,214.84,711.67,151.28,359.92
2025-08-29,197.37,227.92,1372.29,211.93,151.26,266.58,217.18,709.65,153.35,361.24
2025-08-28,197.72,229.25,1419.49,210.66,152.97,271.06,224.14,736.51,158.91,383.91
2025-08-27,195.96,227.94,1430.75,206.52,151.33,269.72,225.10,716.47,160.57,376.70
2025-08-26,194.96,225.83,1432.09,206.18,151.06,272.14,224.56,711.12,161.52,374.15
2025-08-25,193.13,226.83,1416.65,207.53,150.56,271.85,221.62,702.10,159.20,376.07
2025-08-22,193.64,228.16,1402.31,205.14,151.15,272.39,219.17,701.56,156.17,377.60
2025-08-21,191.21,226.82,1378.60,198.83,146.60,266.73,213.85,691.06,147.03,372.47
2025-08-20,192.15,227.11,1381.90,198.40,147.83,269.84,215.04,694.80,148.77,375.51
2025-08-19,196.02,228.93,1383.80,200.64,150.60,271.19,218.90,703.73,151.25,374.80
2025-08-18,196.30,232.22,1433.98,202.56,152.90,276.93,227.09,729.62,153.94,397.89
2025-08-15,196.90,233.60,1421.69,202.96,152.60,283.37,224.71,731.00,151.83,396.63
2025-08-14,197.91,234.64,1434.06,202.00,152.56,282.26,226.71,742.67,154.13,391.32
2025-08-13,198.38,233.78,1430.67,201.03,148.32,281.52,227.12,737.56,155.88,390.08
2025-08-12,195.25,237.67,1443.04,202.40,146.28,285.10,229.80,746.49,156.55,405.54
2025-08-11,193.15,234.32,1434.38,200.07,146.17,276.39,227.73,725.18,155.72,403.65
2025-08-08,194.77,234.44,1439.42,200.49,147.09,277.63,227.49,727.73,151.41,399.45
2025-08-07,186.86,233.90,1424.21,195.61,147.38,274.93,228.23,724.85,148.02,398.40
2025-08-06,181.10,235.74,1413.58,195.18,146.84,278.60,217.65,719.86,146.94,409.65
2025-08-05,172.33,237.00,1404.44,193.77,141.18,275.52,218.68,699.00,141.80,408.43
2025-08-04,172.69,240.55,1418.15,194.14,139.80,280.18,224.82,710.43,142.04,403.41
2025-08-01,171.87,235.37,1368.67,188.26,141.84,270.66,221.26,688.77,139.00,390.46
2025-07-31,176.28,239.59,1401.36,191.01,154.63,279.12,227.29,700.84,141.59,405.40
2025-07-30,177.53,230.49,1412.39,195.62,152.04,250.89,228.50,722.13,146.54,400.33
2025-07-29,179.42,230.19,1382.77,194.84,152.58,252.62,227.02,709.72,147.53,399.34
2025-07-28,181.78,230.16,1392.54,191.69,153.76,258.98,228.35,702.27,149.55,395.71
2025-07-25,181.63,230.70,1366.94,192.29,152.87,257.19,231.03,692.44,145.17,391.58
2025-07-24,181.53,229.43,1368.83,191.28,153.39,257.96,227.27,688.93,140.23,387.92
2025-07-23,181.86,227.18,1345.51,189.35,150.79,257.52,226.07,676.95,152.75,386.43
2025-07-22,182.08,226.91,1315.96,190.46,150.24,254.35,220.68,664.78,152.54,380.38
2025-07-21,180.45,229.06,1350.23,189.22,151.45,257.30,224.68,687.74,150.88,389.05
2025-07-18,179.34,229.06,1358.35,184.20,149.36,254.16,226.14,676.12,151.41,392.10
2025-07-17,178.36,229.80,1363.00,182.73,147.87,253.13,231.03,683.54,146.71,397.38
2025-07-16,178.48,227.07,1350.15,182.12,147.42,253.67,223.47,670.08,147.74,385.47
2025-07-15,177.58,227.16,1344.88,181.16,149.51,256.37,222.90,670.39,142.74,375.35
2025-07-14,177.17,225.90,1292.64,180.72,149.07,260.17,215.11,657.65,145.55,366.27
2025-07-11,179.32,226.03,1299.34,179.36,148.63,258.94,216.73,654.74,144.00,368.32
2025-07-10,180.39,225.21,1292.88,176.80,146.80,262.45,216.13,657.17,142.33,375.41
2025-07-09,179.31,226.12,1283.26,175.80,146.99,264.45,218.09,663.14,135.90,375.91
2025-07-08,178.35,223.02,1260.57,173.55,144.89,260.08,214.34,648.58,136.79,373.82
2025-07-07,178.30,223.52,1246.71,175.97,147.60,259.24,215.58,654.26,135.01,370.25
2025-07-03,181.35,224.02,1255.37,178.70,147.56,259.48,220.87,656.65,144.84,378.31
2025-07-02,180.41,220.54,1238.91,177.81,145.26,257.51,219.74,644.05,144.98,366.61
2025-07-01,176.49,220.97,1207.79,175.03,145.61,259.55,211.35,631.73,138.12,349.05
2025-06-30,174.24,223.38,1244.74,175.42,144.91,266.36,213.06,657.77,145.90,348.52
2025-06-27,170.76,222.72,1242.85,177.70,147.49,264.75,215.01,642.73,148.65,335.14
2025-06-26,170.70,223.40,1221.34,172.74,143.41,262.03,210.72,644.69,149.63,339.26
2025-06-25,171.17,221.07,1215.75,169.89,140.02,255.75,209.53,631.52,150.45,335.91
2025-06-24,170.10,220.10,1165.24,166.00,140.54,257.02,207.04,629.42,156.38,343.16
2025-06-23,171.12,218.25,1135.86,164.43,137.70,252.09,197.84,605.56,160.15,330.04
2025-06-20,170.70,214.39,1133.34,165.87,138.50,246.25,197.08,596.54,147.97,327.06
2025-06-18,166.94,215.67,1146.18,172.52,140.37,251.09,200.84,598.16,147.92,336.15
2025-06-17,166.14,214.68,1135.46,175.14,141.89,251.62,201.21,593.66,145.30,331.86
2025-06-16,168.51,215.17,1139.95,175.95,142.73,253.38,202.89,600.16,151.17,336.52
2025-06-13,166.83,213.30,1118.52,173.86,140.09,246.25,198.58,592.07,149.42,343.08
2025-06-12,169.17,215.05,1142.40,174.89,140.85,250.03,202.65,609.61,146.57,318.60
2025-06-11,168.81,212.25,1125.30,176.53,140.82,250.31,200.67,602.09,149.93,281.17
2025-06-10,172.11,211.48,1134.12,177.77,143.73,253.29,199.13,582.38,149.77,282.92
2025-06-09,171.08,212.30,1123.65,175.28,143.32,250.28,194.01,581.54,141.73,282.40
2025-06-06,173.18,211.24,1116.48,172.67,141.06,251.60,192.31,587.85,135.56,277.41
2025-06-05,170.38,210.03,1102.85,167.23,137.33,246.88,190.58,618.80,130.76,272.82
2025-06-04,172.24,208.32,1118.05,167.07,136.88,248.08,189.70,621.54,152.51,267.97
2025-06-03,172.62,207.91,1112.54,165.21,135.87,240.47,185.21,611.47,158.13,269.63
2025-06-02,171.29,207.46,1082.29,168.05,136.49,241.93,182.62,592.09,157.40,265.53
2025-05-30,170.57,206.74,1064.56,170.74,135.41,233.49,181.19,576.28,159.13,263.87
2025-05-29,169.80,205.99,1096.54,170.86,135.87,232.61,184.78,576.04,164.63,259.68
2025-05-28,170.20,205.39,1062.04,171.36,135.22,232.08,183.83,570.00,163.93,261.19
2025-05-27,170.03,206.89,1067.47,171.89,136.08,231.62,185.28,561.00,166.68,258.10
2025-05-23,165.83,202.17,1034.31,167.49,132.75,226.12,179.93,544.50,155.86,248.63
2025-05-22,171.00,204.27,1046.44,169.87,134.15,229.55,183.88,548.81,156.64,250.77
2025-05-21,171.62,203.24,1038.33,167.58,132.84,229.16,179.73,546.90,153.69,250.56
2025-05-20,175.67,205.76,1058.65,163.02,134.79,229.74,181.31,551.55,157.92,255.55
2025-05-19,177.30,206.07,1068.03,165.57,136.17,230.94,181.36,549.05,157.12,254.48
2025-05-16,179.41,204.01,1066.69,165.22,135.79,230.91,182.03,544.24,160.75,255.84
2025-05-15,179.57,203.49,1062.20,163.00,135.52,232.19,182.03,553.83,157.46,254.10
2025-05-14,180.32,203.04,1066.21,164.41,138.87,237.77,182.54,552.59,159.69,259.76
2025-05-13,180.83,201.33,1023.59,158.60,139.61,236.57,181.82,553.31,153.44,258.68
2025-05-12,179.01,201.39,969.00,157.54,137.81,230.58,175.25,527.50,146.23,250.63
2025-05-09,168.38,196.67,918.97,151.86,127.52,213.65,165.44,495.65,136.99,239.66
2025-05-08,167.50,196.41,924.65,153.38,126.87,215.64,164.23,494.63,130.82,239.59
2025-05-07,166.44,194.25,922.20,150.50,124.64,215.21,163.59,487.58,126.87,238.11
2025-05-06,168.36,194.24,894.47,162.28,122.20,211.79,161.47,476.34,126.47,235.45
2025-05-05,168.68,195.52,896.68,163.25,123.08,216.10,165.33,477.84,128.72,237.98
2025-05-02,174.16,195.12,902.04,163.07,125.48,215.29,168.03,484.79,131.92,240.28
2025-05-01,180.92,190.69,879.27,160.36,125.63,206.34,161.88,469.77,128.84,231.93
2025-04-30,180.23,177.18,858.08,157.87,121.81,197.97,156.23,458.20,129.60,224.32
2025-04-29,179.13,176.63,858.86,159.23,123.77,199.93,154.16,455.11,134.13,224.43
2025-04-28,178.22,175.34,856.58,159.67,123.98,198.24,153.15,458.20,131.31,223.40
2025-04-25,177.50,175.65,874.54,161.02,124.83,197.35,154.74,457.82,130.88,220.77
2025-04-24,176.72,173.61,838.46,158.35,123.21,192.26,153.88,447.92,119.19,219.21
2025-04-23,173.53,167.82,809.15,154.44,119.29,187.61,147.91,421.16,115.17,209.47
2025-04-22,169.40,164.43,779.06,150.59,114.39,180.40,141.90,403.71,109.30,202.83
2025-04-21,163.82,160.98,763.46,146.81,110.52,174.77,138.58,395.69,104.49,195.79
2025-04-17,167.06,164.86,799.54,150.28,114.01,180.84,142.22,407.07,110.86,205.03
2025-04-16,164.76,166.58,823.18,152.44,115.15,181.13,142.15,415.68,110.95,206.85
2025-04-15,171.44,172.91,883.92,155.40,118.62,188.06,147.46,426.02,116.71,213.51
2025-04-14,171.76,173.84,872.18,158.14,120.29,191.65,146.06,424.61,115.91,214.63
2025-04-11,168.06,174.13,873.91,156.22,122.11,196.01,147.22,433.13,115.89,210.98
2025-04-10,161.50,170.94,847.44,151.93,119.70,196.99,141.65,410.18,115.93,212.57
2025-04-09,168.65,175.04,900.70,157.79,126.22,211.23,148.79,440.78,125.02,221.88
2025-04-08,146.23,158.94,758.66,143.86,112.72,184.07,132.50,371.45,101.90,197.76
2025-04-07,153.90,160.41,769.21,145.89,115.76,186.16,137.00,366.95,107.15,201.98
2025-04-04,159.77,161.30,742.98,144.75,112.95,182.01,137.59,348.26,109.97,203.74
2025-04-03,172.33,167.25,801.98,149.84,117.84,191.70,147.51,366.64,122.76,217.98
2025-04-02,189.89,171.30,869.89,156.12,129.47,210.57,159.70,409.68,129.87,231.68
2025-04-01,189.29,171.32,867.77,156.15,126.93,211.31,158.06,401.19,123.31,225.46
2025-03-31,188.39,168.27,853.82,153.74,125.67,207.84,155.58,398.59,119.03,222.07
2025-03-28,184.81,169.80,863.98,153.43,127.29,207.97,154.88,402.61,121.05,223.76
2025-03-27,189.85,175.08,877.85,161.29,133.00,217.29,157.68,409.45,125.45,231.56
2025-03-26,187.88,174.81,896.21,164.10,132.85,220.32,162.61,426.78,124.96,234.77
2025-03-25,189.77,177.13,950.80,169.57,135.87,225.85,169.55,448.18,132.34,244.50
2025-03-24,187.21,176.20,956.47,166.70,134.25,223.16,169.79,455.30,127.87,246.00
2025-03-21,185.12,175.39,927.25,163.03,129.60,215.01,165.64,456.27,114.23,241.80
2025-03-20,181.58,173.41,933.78,161.85,128.77,211.31,166.34,453.61,108.52,242.58
2025-03-19,182.55,173.84,925.83,162.94,129.15,210.61,162.86,464.18,108.33,242.15
2025-03-18,180.39,171.92,909.36,159.73,127.36,210.00,162.27,447.80,103.49,237.39
2025-03-17,181.50,174.24,941.66,163.33,129.29,218.13,164.54,461.64,109.32,244.63
2025-03-14,181.07,174.18,958.52,164.53,130.75,219.10,162.53,464.11,114.82,237.10
2025-03-13,177.83,169.79,910.54,161.81,128.07,212.80,160.20,454.19,110.55,234.54
2025-03-12,184.03,171.80,911.80,166.14,131.37,223.22,165.41,461.00,113.95,239.67
2025-03-11,187.30,170.54,856.74,163.08,129.85,218.23,159.62,451.17,105.91,229.02
2025-03-10,192.93,170.41,842.72,164.90,128.49,215.45,159.32,437.78,102.03,236.34
2025-03-07,202.76,176.31,887.70,172.65,131.61,225.41,165.34,462.73,120.65,246.46
2025-03-06,199.59,177.91,871.00,171.15,132.56,226.23,164.18,425.92,121.00,239.75
2025-03-05,199.94,179.76,924.01,171.81,137.62,236.51,172.05,454.71,128.19,256.62
2025-03-04,200.10,174.20,913.69,169.73,134.61,230.58,168.05,444.98,124.95,250.13
2025-03-03,201.88,174.14,898.49,165.85,135.42,236.00,161.49,444.71,130.74,257.35
2025-02-28,205.11,177.96,984.03,169.09,140.21,240.74,168.55,473.34,134.57,263.77
2025-02-27,201.26,175.96,946.46,167.33,137.87,237.15,169.07,469.47,129.50,261.70
2025-02-26,203.85,179.18,1034.13,171.53,141.58,242.72,181.70,505.40,133.57,273.95
2025-02-25,209.52,178.36,997.50,174.20,140.56,236.89,176.80,480.72,139.08,267.71
2025-02-24,209.57,181.10,1026.26,178.00,140.50,240.72,178.93,493.51,151.81,269.96
2025-02-21,208.26,182.98,1058.95,178.41,143.05,246.27,185.08,518.98,155.15,266.55
2025-02-20,208.49,186.53,1103.69,183.27,147.21,250.34,186.82,538.16,162.78,279.56
2025-02-19,207.68,185.55,1096.76,183.98,149.69,253.56,187.61,542.88,165.61,288.33
2025-02-18,207.34,183.26,1098.10,182.49,149.70,258.10,189.28,542.41,162.64,285.59
2025-02-14,207.45,182.72,1093.77,183.94,151.04,265.41,190.37,553.11,163.44,276.64
2025-02-13,204.85,183.66,1065.72,184.84,152.16,262.49,188.43,559.66,163.49,276.16
2025-02-12,200.90,182.99,1033.03,182.33,151.21,261.34,192.68,560.97,154.56,273.55
2025-02-11,197.29,184.06,1046.11,184.03,153.74,259.33,194.88,557.86,150.88,281.45
2025-02-10,193.08,184.41,1052.17,185.17,153.99,258.47,194.15,557.86,161.09,284.20
2025-02-07,192.85,183.31,1022.79,184.05,151.35,257.43,192.44,533.72,166.09,277.11
2025-02-06,197.58,186.02,1013.65,190.26,157.75,256.52,196.53,549.12,171.93,273.76
2025-02-05,196.95,184.89,983.33,190.00,155.99,253.95,194.73,550.64,173.70,272.66
2025-02-04,197.23,184.48,934.64,204.94,159.88,253.71,190.51,527.93,180.14,266.68
2025-02-03,193.17,183.83,918.97,199.83,156.82,251.28,186.54,516.77,176.23,267.80
2025-01-31,199.94,185.68,945.83,202.60,156.99,248.30,195.43,525.18,185.84,270.12
2025-01-30,201.28,185.65,981.91,199.47,154.98,247.51,194.33,511.86,183.85,270.63
2025-01-29,202.78,197.88,974.42,194.05,156.59,243.73,188.90,489.76,178.72,257.35
2025-01-28,201.85,200.06,1016.10,193.94,157.30,242.95,188.96,492.16,182.84,260.50
2025-01-27,194.74,194.41,932.83,190.47,155.50,237.74,179.54,479.75,182.41,251.41
2025-01-24,188.74,198.66,1123.46,198.81,155.12,233.28,207.15,580.79,186.74,291.63
2025-01-23,189.48,199.84,1159.70,196.60,155.50,229.30,209.71,570.29,189.41,296.19
2025-01-22,189.63,199.61,1158.52,196.99,155.23,224.64,208.38,571.79,190.66,292.61
2025-01-21,188.62,191.70,1109.36,196.67,152.38,222.10,204.18,570.37,194.78,274.11
2025-01-17,194.84,191.93,1084.79,194.63,149.23,220.77,197.46,563.55,195.89,255.78
2025-01-16,193.38,189.94,1052.17,191.57,145.75,220.24,200.53,544.50,190.07,253.41
2025-01-15,201.52,190.72,1073.21,194.19,147.52,222.34,193.07,541.15,196.68,251.46
2025-01-14,197.63,185.96,1037.92,188.34,143.83,214.10,188.08,533.32,182.05,248.28
2025-01-13,198.58,186.64,1049.50,189.68,144.29,219.17,187.99,534.72,185.24,244.49
2025-01-10,200.66,187.42,1070.61,190.70,144.61,221.88,194.54,532.39,181.31,245.41
2025-01-08,205.61,189.93,1103.69,192.60,146.72,220.03,193.37,544.26,181.40,258.50
2025-01-07,205.20,188.95,1103.93,194.13,146.70,222.62,197.39,542.67,181.13,256.74
2025-01-06,207.56,191.40,1177.11,195.50,150.34,227.05,205.41,561.11,188.80,262.54
2025-01-03,206.17,189.39,1138.04,190.45,148.08,217.84,194.76,551.95,188.52,263.53
2025-01-02,206.59,187.26,1089.51,188.11,145.46,215.90,188.20,550.59,174.21,263.08
2024-12-31,212.15,188.56,1057.85,187.98,144.91,210.95,184.38,550.26,185.49,264.04
2024-12-30,213.66,190.05,1083.05,189.91,146.17,213.01,187.09,559.14,191.72,264.47
2024-12-27,216.53,192.60,1079.27,191.42,147.79,216.10,188.25,573.78,198.26,267.72
2024-12-26,219.44,195.99,1102.27,194.24,149.97,217.38,189.58,582.35,208.58,272.03
2024-12-24,218.74,196.54,1104.56,194.74,151.29,218.96,192.63,568.87,212.33,271.60
2024-12-23,216.26,194.72,1100.23,193.27,148.65,216.12,193.60,551.47,197.78,268.00
2024-12-20,215.60,195.32,1061.07,190.08,148.56,210.86,184.12,522.64,193.40,268.83
2024-12-19,211.62,195.51,1029.41,187.20,147.48,214.57,181.72,516.79,200.34,267.45
2024-12-18,210.15,195.67,1015.47,187.09,145.65,215.16,182.58,529.33,202.15,262.09
2024-12-17,214.75,203.31,1027.12,194.06,152.68,223.17,187.34,568.65,220.40,268.91
2024-12-16,212.68,202.02,1039.81,195.29,153.85,224.90,188.80,591.78,212.67,271.31
2024-12-13,210.21,200.09,1057.53,188.50,150.24,223.32,187.65,532.13,200.36,274.74
2024-12-12,210.07,201.12,1081.87,190.62,151.24,227.08,178.75,427.64,192.04,277.80
2024-12-11,208.82,200.86,1097.39,194.04,152.09,227.76,181.11,433.66,195.10,282.96
2024-12-10,209.91,198.33,1063.99,183.88,148.64,222.95,178.63,406.69,184.18,281.63
2024-12-09,209.04,199.53,1093.45,174.15,149.33,220.88,185.36,423.57,179.03,301.77
2024-12-06,205.73,198.44,1122.05,173.29,149.95,224.55,188.94,424.97,178.77,303.73
2024-12-05,205.90,198.01,1142.68,171.24,145.67,219.21,190.13,403.52,169.71,295.10
2024-12-04,205.88,195.69,1143.24,172.96,144.10,220.96,186.78,403.74,164.40,298.19
2024-12-03,205.57,192.90,1104.80,169.95,140.98,220.91,185.10,398.03,161.41,289.79
2024-12-02,202.98,192.80,1091.96,170.10,139.17,213.41,180.92,394.15,164.01,287.45
2024-11-29,201.06,189.44,1088.96,167.58,137.31,206.75,171.86,383.66,158.53,292.88
2024-11-27,199.03,189.23,1066.04,167.86,135.89,204.91,168.63,377.96,152.90,289.49
2024-11-26,199.14,191.47,1078.49,167.75,137.29,206.47,171.09,389.96,155.35,301.64
2024-11-25,197.29,187.35,1071.40,166.29,133.06,203.44,172.25,390.15,155.52,297.87
2024-11-22,194.74,186.55,1118.11,163.42,130.20,201.29,176.90,388.75,161.93,304.68
2024-11-21,193.60,184.70,1155.29,166.27,131.03,202.71,177.98,388.07,156.00,304.91
2024-11-20,194.01,185.50,1149.14,174.55,134.00,203.58,175.30,386.43,157.10,302.24
2024-11-19,193.40,186.53,1157.96,176.68,135.15,201.99,176.52,391.40,158.92,299.31
2024-11-18,193.18,185.62,1103.93,173.88,133.22,199.58,174.48,392.16,155.59,294.29
2024-11-15,190.62,185.29,1118.34,171.09,133.82,199.46,173.11,390.20,147.31,291.14
2024-11-14,193.35,190.59,1156.00,174.16,139.68,207.77,175.43,403.31,142.93,296.38
2024-11-13,190.72,189.84,1152.14,177.43,141.41,208.80,173.72,410.88,151.68,300.47
2024-11-12,189.97,188.87,1168.05,180.15,137.99,210.53,178.47,417.13,150.88,300.39
2024-11-11,189.97,186.63,1144.18,178.89,136.62,209.94,180.60,423.50,160.76,299.68
2024-11-08,192.28,188.65,1162.85,176.90,137.50,212.16,187.25,434.70,147.54,299.87
2024-11-07,192.51,189.94,1172.69,179.28,138.74,213.01,187.24,435.10,136.37,295.30
2024-11-06,188.48,187.60,1146.94,175.08,136.78,205.93,179.82,425.02,132.52,287.18
2024-11-05,189.10,183.70,1102.04,168.36,131.77,206.07,182.19,411.64,115.49,272.19
2024-11-04,187.88,182.37,1071.64,167.87,129.31,201.84,178.28,398.98,111.54,268.72
2024-11-01,188.64,183.22,1066.52,169.90,130.73,204.17,179.57,399.85,114.36,269.40
2024-10-31,191.18,181.42,1045.72,169.72,123.12,204.32,177.33,401.87,114.76,265.94
2024-10-30,194.72,193.11,1097.55,173.05,127.30,213.04,181.00,418.13,118.29,276.59
2024-10-29,197.75,192.85,1112.59,168.30,126.04,213.58,183.29,424.28,119.20,274.80
2024-10-28,197.52,190.46,1106.84,165.37,124.43,208.13,181.18,407.19,120.57,273.20
2024-10-25,195.83,191.16,1114.88,163.93,124.06,206.37,189.33,409.51,123.64,274.94
2024-10-24,195.12,189.63,1105.98,161.40,123.10,204.40,184.21,405.61,119.64,276.31
2024-10-23,195.28,189.57,1099.28,161.46,122.00,202.92,186.93,410.72,98.13,274.28
2024-10-22,199.60,190.87,1131.03,163.80,125.30,209.52,184.72,424.61,100.11,277.78
2024-10-21,200.12,186.97,1131.97,162.74,124.88,207.05,187.95,426.06,100.52,275.32
2024-10-18,198.87,186.70,1087.00,162.10,124.83,207.52,186.86,425.82,101.37,276.80
2024-10-17,196.46,186.05,1078.57,161.61,123.86,207.69,191.57,429.70,101.46,278.37
2024-10-16,196.15,185.79,1069.04,163.82,123.44,207.64,174.48,418.55,101.66,276.92
2024-10-15,197.90,186.95,1036.58,164.12,123.97,211.05,174.16,416.57,100.85,275.85
2024-10-14,195.74,187.13,1087.55,163.62,123.87,212.55,178.88,431.55,100.66,279.06
2024-10-11,192.57,185.87,1061.79,161.92,124.72,212.38,177.58,429.58,100.04,278.51
2024-10-10,193.83,185.66,1061.87,160.77,123.28,210.17,172.90,439.55,109.67,277.94
2024-10-09,194.25,186.38,1044.85,160.55,122.31,212.58,174.16,440.17,110.72,281.87
2024-10-08,191.06,185.16,1046.74,163.05,120.69,213.44,173.15,427.81,112.30,275.67
2024-10-07,187.61,182.85,1006.02,161.66,119.42,210.52,171.72,414.43,110.61,268.71
2024-10-04,191.93,185.76,983.97,165.71,123.19,214.53,168.60,418.13,114.86,270.12
2024-10-03,190.98,185.97,967.66,164.52,120.19,209.79,167.04,406.88,110.54,263.80
2024-10-02,191.92,186.24,936.15,164.52,122.03,206.21,163.61,403.97,114.38,265.14
2024-10-01,191.43,187.83,921.58,165.64,122.28,207.52,160.14,396.42,118.51,264.27
2024-09-30,197.18,192.12,956.56,164.51,123.07,206.07,161.63,408.33,120.17,269.39
2024-09-27,192.77,191.10,956.24,162.62,124.15,204.25,165.63,408.78,119.63,266.77
2024-09-26,192.54,192.57,977.04,161.41,126.26,204.42,173.88,421.56,116.76,265.76
2024-09-25,191.57,192.92,972.86,160.18,127.17,204.59,169.71,415.48,118.05,262.88
2024-09-24,192.41,191.61,952.07,160.97,128.11,202.79,169.35,413.87,116.79,262.12
2024-09-23,191.65,193.55,915.75,160.54,128.06,203.18,162.64,409.37,114.83,262.36
2024-09-20,193.12,194.34,913.71,162.26,126.55,202.08,162.01,405.01,109.43,265.60
2024-09-19,193.68,195.86,928.44,160.83,125.41,201.27,164.00,396.30,112.03,264.95
2024-09-18,186.76,192.34,892.99,158.51,123.14,193.66,155.68,381.44,104.35,260.11
2024-09-17,183.46,194.28,910.48,158.03,123.44,193.07,155.75,383.32,104.66,264.76
2024-09-16,183.06,192.58,919.85,156.78,122.12,191.98,157.36,386.98,104.16,269.28
2024-09-13,188.29,192.25,938.12,156.18,123.18,188.68,160.54,395.64,105.77,256.16
2024-09-12,188.52,190.64,938.44,153.44,123.51,189.03,159.54,388.26,105.55,255.13
2024-09-11,188.43,188.87,920.80,149.93,121.88,184.08,157.84,373.42,104.78,248.49
2024-09-10,186.27,184.93,851.41,147.45,118.59,181.55,150.61,349.68,103.88,246.45
2024-09-09,186.95,181.14,838.57,147.50,115.85,181.55,150.94,332.24,99.33,221.16
2024-09-06,186.87,179.35,809.90,149.50,113.20,179.92,145.41,323.23,96.79,224.19
2024-09-05,188.19,182.33,844.40,155.76,117.50,185.89,151.79,360.56,105.72,225.46
2024-09-04,186.90,182.56,836.52,154.98,114.49,184.41,149.17,363.62,100.78,222.52
2024-09-03,188.52,182.80,850.62,155.88,116.41,184.05,148.81,360.49,96.73,220.54
2024-08-30,193.79,186.24,940.17,161.84,117.90,187.49,159.21,384.15,98.34,223.37
2024-08-29,194.46,184.45,926.15,160.26,113.69,186.38,156.84,370.25,94.75,220.42
2024-08-28,191.67,183.32,989.32,161.32,112.81,185.86,156.89,373.20,94.50,217.98
2024-08-27,192.97,184.77,1010.50,163.13,114.35,186.69,158.14,380.78,96.09,218.93
2024-08-26,192.25,184.61,996.01,164.59,115.92,187.42,156.77,376.60,97.93,219.59
2024-08-23,191.97,186.08,1018.93,164.06,116.94,189.89,158.82,392.50,101.19,220.05
2024-08-22,190.01,185.53,974.59,162.26,116.33,191.31,154.33,383.02,96.76,218.30
2024-08-21,191.59,189.37,1012.08,164.29,118.96,192.47,158.97,391.13,102.55,221.65
2024-08-20,191.69,189.66,1002.23,165.60,118.15,189.44,159.52,391.54,101.55,220.02
2024-08-19,191.16,188.20,1023.89,165.10,117.72,190.36,162.68,395.69,102.30,218.04
2024-08-16,191.30,186.83,981.20,161.42,116.95,189.69,161.84,390.99,99.27,217.33
2024-08-15,190.17,187.98,967.66,159.78,117.30,193.25,161.30,391.96,98.36,216.48
2024-08-14,187.63,185.78,930.01,158.86,112.35,189.45,157.60,372.05,92.49,214.38
2024-08-13,187.25,184.51,914.73,162.61,112.44,190.09,159.80,368.44,95.46,212.26
2024-08-12,184.09,181.30,858.65,160.76,110.17,185.56,155.43,350.65,90.71,209.60
2024-08-09,182.78,180.95,825.02,162.13,110.26,186.22,154.96,349.80,91.86,208.78
2024-08-08,180.31,179.47,826.75,160.50,109.51,183.29,152.58,343.85,91.33,203.88
2024-08-07,177.36,177.57,779.03,157.44,107.51,175.84,143.76,321.51,88.08,199.04
2024-08-06,175.17,178.09,821.08,156.80,106.96,177.70,144.08,339.56,92.16,202.69
2024-08-05,176.89,176.11,791.15,157.75,106.35,171.10,137.19,335.22,91.35,202.14
2024-08-02,185.84,182.05,844.87,165.09,110.90,175.56,138.96,339.32,95.38,210.71
2024-08-01,184.58,185.89,860.15,169.15,121.58,179.01,146.67,346.87,99.60,217.40
2024-07-31,187.72,186.44,921.66,169.92,123.50,170.77,153.74,379.10,106.59,220.46
2024-07-30,184.95,188.48,816.99,168.69,120.02,166.59,143.30,338.61,102.25,214.49
2024-07-29,184.47,190.18,878.89,167.93,121.00,167.49,148.37,354.42,106.60,218.66
2024-07-26,184.24,189.53,890.47,165.43,120.54,167.49,150.16,357.75,100.96,219.77
2024-07-25,183.84,186.47,884.33,165.70,118.79,163.07,148.62,352.16,101.16,217.89
2024-07-24,184.73,191.15,899.84,171.00,119.44,165.90,148.17,357.06,99.21,219.39
2024-07-23,190.20,198.25,965.53,180.08,123.12,175.76,157.46,386.39,113.16,226.25
2024-07-22,189.31,197.40,973.01,179.96,120.58,175.29,157.03,380.00,115.52,221.60
2024-07-19,189.61,194.81,928.83,175.99,120.96,171.48,153.71,371.24,109.87,219.06
2024-07-18,189.50,196.26,953.72,176.02,121.37,171.14,159.37,378.72,114.47,218.22
2024-07-17,193.47,197.66,929.30,179.31,124.13,166.15,158.74,368.01,114.14,220.16
2024-07-16,198.49,200.34,995.22,182.19,127.49,176.15,172.50,399.63,117.84,225.46
2024-07-15,198.13,202.31,1011.61,184.77,127.29,178.44,171.74,404.44,116.04,226.19
2024-07-12,194.87,202.13,1017.91,183.33,128.46,179.42,173.72,401.25,114.01,228.87
2024-07-11,192.36,202.64,1003.42,183.82,128.83,184.39,171.08,402.49,110.71,225.70
2024-07-10,196.93,207.79,1062.56,189.38,131.96,192.30,177.15,411.63,120.92,223.97
2024-07-09,193.30,204.80,1034.76,187.20,131.66,190.61,171.09,408.95,120.49,221.78
2024-07-08,192.57,207.79,1009.72,187.25,131.63,190.37,173.05,411.91,116.18,228.64
2024-07-05,191.32,208.38,991.05,188.80,132.10,194.18,170.60,401.87,115.52,228.32
2024-07-03,187.27,205.35,1010.35,184.07,130.51,183.41,169.21,407.98,113.17,227.61
2024-07-02,186.19,204.69,966.16,183.49,132.10,183.24,162.92,391.06,106.22,225.88
2024-07-01,183.22,203.55,979.00,181.27,130.25,181.51,159.79,387.12,96.39,225.58
2024-06-28,178.03,199.19,973.01,180.43,127.64,181.34,161.16,378.80,90.89,222.60
2024-06-27,180.97,201.82,976.56,183.66,130.68,186.86,159.14,374.35,90.68,220.99
2024-06-26,180.26,201.51,995.54,182.15,127.88,184.54,159.55,375.61,90.19,217.92
2024-06-25,176.72,200.97,993.10,182.30,123.08,183.64,160.04,372.96,86.05,219.40
2024-06-24,175.94,199.51,930.25,177.53,122.57,179.43,155.60,375.66,83.86,220.54
2024-06-21,175.39,200.45,996.88,177.94,124.89,177.95,161.30,390.09,84.06,223.07
2024-06-20,177.24,198.63,1030.04,174.64,122.92,180.44,162.62,407.95,83.40,225.30
2024-06-18,181.14,198.92,1067.84,173.44,120.75,179.64,166.62,423.93,84.91,228.02
2024-06-17,183.15,199.82,1031.61,175.57,121.57,182.21,164.34,430.13,86.09,222.78
2024-06-14,179.61,197.24,1038.70,175.12,121.31,181.32,159.96,408.06,81.76,217.76
2024-06-13,181.09,196.80,1020.82,173.51,121.42,181.12,160.33,394.88,83.81,220.47
2024-06-12,180.10,196.57,986.09,176.11,123.44,182.82,159.89,351.73,81.43,221.31
2024-06-11,175.10,192.83,952.30,174.96,123.67,182.33,153.17,343.62,78.39,195.30
2024-06-10,163.24,190.69,959.15,173.36,123.55,180.58,155.43,338.78,79.82,196.27
2024-06-07,166.43,188.90,952.05,172.62,121.73,177.12,151.95,330.83,81.52,198.51
2024-06-06,164.39,189.19,952.91,174.86,122.19,177.40,149.81,329.56,81.73,194.70
2024-06-05,165.57,188.97,964.27,173.56,119.74,177.87,150.59,332.34,80.38,193.33
2024-06-04,164.28,185.43,916.99,171.96,118.45,171.38,140.93,312.99,80.27,189.29
2024-06-03,164.01,184.29,905.68,171.34,117.79,171.56,143.22,310.90,80.97,188.04
2024-05-31,162.51,185.01,863.41,170.68,116.54,167.73,139.61,312.46,81.79,184.75
2024-05-30,161.69,184.80,870.24,170.29,118.44,167.81,141.39,320.82,82.12,184.59
2024-05-29,160.85,191.27,904.30,174.04,120.22,170.43,142.66,327.07,80.93,195.08
2024-05-28,160.60,191.78,897.02,174.54,120.31,172.43,147.35,332.19,81.18,196.26
2024-05-24,160.59,191.71,838.49,173.14,119.39,171.82,147.89,331.11,82.33,193.77
2024-05-23,157.97,190.30,817.46,171.72,119.58,167.35,145.20,327.69,79.80,195.63
2024-05-22,161.36,191.87,747.77,174.52,120.96,168.07,144.33,327.44,82.73,196.43
2024-05-21,162.59,191.21,751.21,175.97,120.97,166.94,142.04,329.08,85.71,196.48
2024-05-20,161.48,189.56,746.44,175.05,121.23,168.45,141.93,332.56,80.36,196.31
2024-05-17,160.49,187.27,728.31,174.20,122.00,169.55,140.20,328.16,81.51,194.70
2024-05-16,160.47,187.62,743.12,172.34,121.29,170.03,140.71,332.12,80.30,192.59
2024-05-15,160.37,188.55,745.25,170.69,122.85,173.01,143.81,337.77,79.91,191.75
2024-05-14,158.43,185.31,719.47,168.54,123.56,169.53,140.45,324.57,81.55,190.55
2024-05-13,157.46,184.05,711.93,167.35,123.23,168.15,135.33,314.57,78.95,183.46
2024-05-10,154.73,184.50,707.83,166.87,123.83,171.10,137.96,313.46,77.38,183.93
2024-05-09,155.80,183.43,698.92,168.17,125.17,170.81,131.98,307.08,78.99,183.88
2024-05-08,154.26,182.63,712.04,167.59,124.17,169.80,132.73,311.71,80.25,185.07
2024-05-07,153.97,182.10,713.15,169.44,124.68,168.24,130.43,306.48,81.67,185.92
2024-05-06,153.39,183.97,725.64,166.33,124.64,167.32,132.02,308.17,84.86,186.56
2024-05-03,154.80,180.91,699.25,165.47,122.99,162.39,130.85,300.60,83.22,182.56
2024-05-02,146.06,176.98,675.85,164.86,122.01,158.69,125.92,291.30,82.68,181.23
2024-05-01,142.91,175.69,653.99,162.13,118.23,157.80,124.73,292.31,82.67,180.71
2024-04-30,143.78,173.20,680.46,161.06,115.59,154.56,126.95,305.81,84.18,179.33
2024-04-29,146.46,178.95,691.13,164.40,119.52,155.44,128.02,314.83,89.13,183.65
2024-04-26,142.91,180.76,690.95,170.13,118.64,159.27,127.83,316.11,77.30,184.78
2024-04-25,143.41,177.52,650.76,154.35,114.71,158.58,126.24,304.43,78.16,181.12
2024-04-24,142.68,181.98,627.49,157.45,116.64,177.31,122.91,295.59,74.47,181.83
2024-04-23,140.89,181.31,649.12,156.59,118.59,178.25,123.33,293.80,66.45,181.44
2024-04-22,139.99,178.37,626.24,154.63,117.06,173.08,119.93,287.98,65.24,180.56
2024-04-19,139.28,177.55,600.11,152.46,115.34,172.84,118.04,283.33,67.54,181.11
2024-04-18,141.00,179.85,666.82,154.36,118.38,180.29,122.26,296.10,68.86,182.87
2024-04-17,141.82,183.21,661.81,153.83,119.74,177.55,128.51,301.66,71.40,187.08
2024-04-16,142.98,184.43,688.43,152.77,121.08,179.56,129.22,312.58,72.16,190.16
2024-04-15,145.77,184.01,677.30,153.23,121.28,179.73,129.54,308.26,74.17,188.99
2024-04-12,149.03,187.69,694.50,156.06,122.94,183.92,131.74,316.11,78.56,190.93
2024-04-11,147.76,190.37,713.64,157.73,124.87,187.97,136.06,325.14,80.19,194.29
2024-04-10,141.63,188.29,685.47,154.49,122.82,186.77,135.16,311.01,78.89,191.94
2024-04-09,143.22,189.64,672.20,154.95,122.64,185.72,134.40,313.76,81.24,194.27
2024-04-08,142.19,188.88,686.21,153.22,122.32,186.56,131.98,314.24,79.45,195.41
2024-04-05,143.15,189.30,693.10,150.89,122.24,189.47,130.66,315.02,75.74,196.27
2024-04-04,142.51,185.90,676.54,148.94,118.89,183.57,129.09,309.86,78.59,195.16
2024-04-03,143.21,187.04,700.63,153.28,120.48,182.07,131.25,320.61,77.34,198.38
2024-04-02,142.52,187.48,704.48,152.93,119.35,178.70,129.61,314.86,76.53,195.39
2024-04-01,143.53,188.88,711.65,153.85,119.53,176.54,130.78,317.57,80.48,197.18
2024-03-28,144.75,187.16,711.59,149.34,119.14,174.47,125.75,311.72,80.74,197.39
2024-03-27,146.30,187.48,710.76,149.28,118.78,177.44,126.35,310.15,82.60,196.85
2024-03-26,143.26,187.58,728.96,149.08,117.77,178.17,128.33,313.15,81.60,198.74
2024-03-25,144.22,188.12,748.18,148.49,118.70,180.73,129.62,317.88,79.29,198.13
2024-03-22,145.43,190.73,742.57,149.18,118.14,183.09,129.90,318.32,78.46,200.81
2024-03-21,144.66,191.01,720.09,146.04,117.67,182.43,128.90,317.03,79.38,202.73
2024-03-20,150.82,189.17,711.72,147.17,117.67,181.63,126.40,300.10,80.68,203.09
2024-03-19,148.64,187.47,704.05,145.48,116.18,178.30,124.66,289.93,78.69,203.01
2024-03-18,146.64,185.65,696.62,146.12,115.24,178.56,126.30,289.75,79.83,200.83
2024-03-15,145.72,185.25,691.76,139.69,115.21,173.93,126.10,289.34,75.13,197.28
2024-03-14,146.04,189.17,692.60,141.59,118.07,176.71,128.53,295.61,74.64,197.26
2024-03-13,144.46,184.66,715.78,138.31,116.62,178.05,130.85,294.58,77.84,197.25
2024-03-12,146.23,184.74,723.86,137.04,115.85,179.56,132.93,302.55,81.55,200.42
2024-03-11,145.82,179.96,675.51,136.22,113.58,173.75,127.98,302.84,81.65,179.35
2024-03-08,144.12,180.71,689.32,133.98,115.82,181.78,134.75,306.49,80.53,176.66
2024-03-07,142.66,182.01,729.81,132.96,116.79,184.03,137.35,329.51,82.05,179.99
2024-03-06,142.76,178.88,698.55,130.01,114.60,178.24,130.33,316.16,81.09,176.42
2024-03-05,143.60,179.12,677.01,131.27,115.01,176.13,124.25,314.46,83.01,174.33
2024-03-04,147.81,184.58,671.25,131.94,117.29,179.00,127.28,328.40,86.41,179.24
2024-03-01,151.66,184.84,647.95,135.69,117.72,180.47,123.27,327.67,93.07,178.80
2024-02-29,152.58,184.01,623.01,137.00,116.75,176.10,118.45,304.56,92.72,175.50
2024-02-28,153.14,181.38,611.60,134.94,114.37,173.90,117.26,301.97,92.80,175.50
2024-02-27,154.16,181.27,619.78,137.41,114.62,174.99,118.38,303.57,91.74,175.03
2024-02-26,152.92,181.30,622.86,136.12,115.41,173.09,120.27,306.59,91.59,174.38
2024-02-23,154.07,182.55,620.69,142.44,115.58,173.91,119.24,303.60,88.17,175.92
2024-02-22,155.63,183.13,618.49,142.57,115.31,174.66,118.82,305.60,90.67,174.44
2024-02-21,153.90,178.92,531.35,141.05,111.35,168.16,115.39,287.46,89.46,169.97
2024-02-20,153.26,179.19,546.94,139.63,110.36,169.32,115.38,287.25,89.00,170.42
2024-02-16,153.89,179.75,571.83,139.04,111.96,169.88,116.63,291.68,91.84,174.92
2024-02-15,155.20,180.86,572.19,141.26,112.15,173.72,118.78,296.27,92.07,177.23
2024-02-14,155.45,182.17,581.97,144.40,112.93,169.87,119.00,295.60,86.68,179.55
2024-02-13,156.20,180.42,568.01,143.61,111.39,165.14,117.42,293.13,84.52,178.64
2024-02-12,157.98,184.39,568.96,145.97,113.83,168.29,120.10,296.25,86.41,182.03
2024-02-09,159.42,186.74,568.05,147.43,115.22,168.01,122.54,300.57,88.91,183.29
2024-02-08,158.77,183.88,548.43,144.37,112.18,168.69,123.11,298.54,87.07,183.35
2024-02-07,159.68,183.86,552.04,144.00,112.64,168.54,115.06,294.39,86.16,184.28
2024-02-06,159.59,180.06,537.26,142.58,111.72,163.20,109.90,286.33,85.02,181.19
2024-02-05,158.23,180.13,546.00,142.16,112.49,164.89,109.36,291.12,83.16,182.90
2024-02-02,156.68,182.60,521.02,140.88,113.48,170.48,106.56,286.73,86.31,181.96
2024-02-01,157.53,179.30,496.34,139.67,105.21,141.69,104.39,281.03,86.74,181.55
2024-01-31,155.46,176.54,484.53,138.62,102.51,140.03,103.99,276.35,86.02,175.53
2024-01-30,158.53,181.43,494.35,149.86,105.02,143.59,106.84,282.94,88.00,179.39
2024-01-29,161.64,181.93,491.92,151.89,106.51,143.93,107.69,285.19,87.70,178.75
2024-01-26,162.22,179.36,480.62,150.58,105.10,141.46,107.95,282.17,84.17,180.15
2024-01-25,163.70,179.78,485.24,150.27,104.19,141.12,107.30,288.06,83.88,180.71
2024-01-24,163.98,178.75,483.23,147.13,103.61,140.23,107.27,293.65,95.46,179.63
2024-01-23,164.55,177.13,471.51,145.49,103.05,138.25,105.07,287.19,96.06,175.73
2024-01-22,163.46,176.07,469.78,144.45,102.23,137.03,104.05,285.83,95.90,173.01
2024-01-19,161.50,177.03,468.50,144.83,102.60,137.62,105.13,283.65,97.46,172.34
2024-01-18,159.03,174.90,449.72,141.97,101.39,135.00,104.05,267.89,97.32,170.81
2024-01-17,154.01,172.94,441.42,139.98,100.21,132.21,94.77,258.47,99.00,167.25
2024-01-16,154.81,173.30,444.01,140.99,101.16,131.89,93.60,261.11,101.01,167.47
2024-01-12,156.74,172.50,430.85,141.14,102.13,134.41,93.20,259.41,100.54,167.51
2024-01-11,156.46,170.79,431.73,140.58,102.50,132.68,93.18,257.61,104.36,164.64
2024-01-10,156.97,169.97,428.01,140.78,101.54,132.97,92.80,253.06,107.45,163.30
2024-01-09,156.08,166.87,418.48,139.46,99.98,128.29,93.80,253.51,107.92,162.22
2024-01-08,156.44,166.38,411.50,137.37,98.48,128.73,94.12,251.72,110.44,163.83
2024-01-05,152.75,163.30,386.64,134.30,95.93,126.32,91.70,245.73,109.08,160.81
2024-01-04,153.36,163.38,377.99,134.95,95.49,124.59,91.26,245.67,109.28,160.59
2024-01-03,155.33,164.56,374.61,137.45,98.07,123.63,92.22,247.91,109.52,160.39
2024-01-02,156.51,164.68,379.33,136.71,99.03,124.29,93.47,254.19,114.10,162.89
2023-12-29,162.31,166.98,389.99,138.22,100.36,127.04,95.74,261.42,114.13,165.04
2023-12-28,163.20,166.64,389.99,138.75,101.31,128.61,96.39,262.86,116.29,166.32
2023-12-27,162.84,166.10,389.16,138.89,101.28,128.43,96.34,263.74,120.08,165.83
2023-12-26,162.75,166.37,388.08,140.03,101.33,127.35,96.16,265.08,117.86,166.23
2023-12-22,163.22,166.33,384.54,140.00,101.33,126.84,94.96,262.76,115.99,166.24
2023-12-21,164.13,165.87,385.80,138.94,101.61,127.09,94.41,264.00,116.89,165.71
2023-12-20,164.25,164.57,378.88,136.88,100.48,125.36,92.10,260.04,113.51,163.03
2023-12-19,166.03,165.74,390.64,135.21,101.58,125.75,95.62,266.88,118.14,166.32
2023-12-18,165.15,165.47,394.36,134.37,101.76,123.69,94.76,267.39,115.78,164.36
2023-12-15,166.56,164.62,385.01,131.20,99.06,120.21,94.40,263.36,116.43,161.73
2023-12-14,167.02,162.49,380.76,130.55,97.37,119.58,95.23,257.94,115.31,157.02
2023-12-13,166.89,166.24,378.70,131.17,98.31,120.14,93.57,254.03,109.91,161.22
2023-12-12,164.15,166.24,375.30,131.12,97.41,119.96,93.09,249.97,108.86,157.80
2023-12-11,162.86,164.87,367.19,131.88,96.36,116.75,92.50,239.94,110.11,180.22
2023-12-08,165.00,166.17,374.11,133.56,97.37,119.43,91.95,220.13,112.00,177.84
2023-12-07,163.78,164.72,366.95,135.48,97.01,117.22,90.98,215.00,111.45,176.68
2023-12-06,162.14,163.76,358.34,128.65,95.46,113.94,89.66,210.66,109.94,175.37
2023-12-05,163.06,165.41,366.71,129.61,97.01,114.24,88.59,212.87,109.65,179.28
2023-12-04,159.70,163.91,358.36,127.91,95.67,114.86,88.89,215.40,108.20,181.24
2023-12-01,161.23,166.30,368.25,130.47,97.11,116.58,90.30,216.80,109.70,183.40
2023-11-30,160.14,168.25,368.29,131.13,96.49,117.42,89.16,215.81,110.27,181.91
2023-11-29,159.65,168.23,379.07,133.56,96.64,119.23,90.60,219.33,112.13,181.91
2023-11-28,160.52,169.94,376.56,135.75,97.11,121.67,89.78,220.61,113.32,181.96
2023-11-27,160.00,168.12,379.88,134.97,97.58,120.13,89.07,221.52,108.43,182.32
2023-11-24,160.16,167.60,376.21,135.25,96.92,121.39,89.64,228.19,108.14,181.97
2023-11-22,161.29,167.78,383.61,137.03,96.90,122.56,90.39,226.59,107.57,181.96
2023-11-21,160.72,165.66,393.28,135.52,95.05,120.95,90.17,228.74,110.78,181.71
2023-11-20,161.40,167.60,396.94,134.81,96.52,122.02,91.59,232.12,108.21,183.02
2023-11-17,159.92,164.23,388.19,133.88,95.89,120.25,91.24,227.93,107.62,180.58
2023-11-16,159.94,167.04,389.62,135.48,94.34,119.94,90.29,223.69,107.29,179.50
2023-11-15,158.50,164.15,384.96,133.20,94.58,119.41,90.53,227.38,111.54,178.55
2023-11-14,158.02,164.08,391.01,132.21,96.30,120.71,90.63,226.82,109.04,181.74
2023-11-13,155.80,162.49,382.85,130.70,94.18,118.15,88.35,220.75,102.75,178.69
2023-11-10,157.15,163.82,380.61,131.19,94.82,118.00,89.28,223.22,98.59,177.00
2023-11-09,153.58,159.84,369.70,128.87,92.87,115.05,83.95,212.46,96.44,175.60
2023-11-08,153.98,160.95,366.74,130.45,93.84,114.77,84.30,212.40,102.02,175.84
2023-11-07,153.08,159.77,361.87,129.59,94.26,114.43,84.67,209.30,102.05,170.61
2023-11-06,150.90,157.99,360.26,128.87,92.30,113.34,84.85,205.34,100.71,170.80
2023-11-03,148.73,156.34,354.39,127.74,91.55,112.91,84.10,205.77,101.03,169.14
2023-11-02,149.51,154.36,342.58,126.14,91.20,111.57,82.90,203.12,100.36,167.29
2023-11-01,146.47,153.36,333.28,125.12,90.49,111.93,80.45,198.84,94.46,165.54
2023-10-31,143.78,149.83,321.12,122.77,87.91,108.13,79.08,196.14,92.25,161.86
2023-10-30,143.38,149.48,324.12,123.15,87.66,108.63,78.85,196.11,90.65,159.12
2023-10-27,141.63,146.15,318.91,120.88,84.37,106.50,78.79,195.44,95.21,158.09
2023-10-26,140.51,145.30,317.54,120.99,78.98,103.49,80.13,192.73,94.51,157.16
2023-10-25,144.06,150.97,328.98,124.28,80.18,107.50,80.30,198.07,97.57,158.77
2023-10-24,146.03,146.47,343.82,137.34,84.91,112.18,83.97,205.40,99.45,161.55
2023-10-23,145.66,145.94,338.40,135.06,83.59,112.70,83.48,201.00,97.41,162.27
2023-10-20,145.56,144.76,325.90,134.17,82.68,110.78,83.66,199.00,97.37,159.43
2023-10-19,147.73,146.82,331.52,136.30,84.81,112.27,85.13,202.31,101.10,169.59
2023-10-18,148.05,146.29,332.27,136.50,84.63,113.76,82.10,206.78,111.46,169.45
2023-10-17,149.15,147.15,345.99,138.24,86.84,116.29,83.38,206.17,117.05,170.69
2023-10-16,150.47,147.41,362.97,137.63,87.55,115.26,83.58,210.41,116.63,170.17
2023-10-13,150.58,145.23,357.98,135.91,85.73,112.95,82.89,205.89,115.34,169.45
2023-10-12,152.15,146.75,369.66,137.50,87.40,116.34,84.68,211.11,118.90,170.80
2023-10-11,151.38,147.31,368.57,139.07,87.07,117.66,84.30,203.88,120.79,171.63
2023-10-10,150.20,145.52,360.63,136.60,85.52,115.51,83.02,200.11,121.08,171.11
2023-10-09,150.70,146.16,356.50,136.96,84.72,114.26,81.54,199.52,119.27,172.06
2023-10-06,149.44,145.02,360.35,136.13,84.52,113.21,81.81,197.05,119.66,171.50
2023-10-05,147.27,141.52,351.89,133.64,83.20,109.39,79.74,192.06,119.44,168.99
2023-10-04,146.21,141.35,346.80,133.81,83.88,109.68,79.41,192.05,119.95,167.01
2023-10-03,145.15,138.88,342.67,131.03,82.38,108.01,78.26,189.95,113.23,163.02
2023-10-02,146.29,142.60,352.63,132.75,85.51,110.12,80.31,194.64,115.56,166.43
2023-09-29,144.15,139.92,342.53,129.48,83.96,107.75,79.62,193.62,114.93,165.20
2023-09-28,143.71,138.99,339.30,130.91,83.21,109.09,79.17,193.96,113.16,165.56
2023-09-27,143.49,138.61,334.41,129.16,83.21,106.86,78.29,190.41,110.46,163.17
2023-09-26,144.78,138.32,330.02,127.21,83.21,107.30,77.23,190.27,112.13,163.58
2023-09-25,148.25,140.72,332.47,129.73,86.70,107.97,79.02,194.40,113.44,168.91
2023-09-22,147.16,140.48,327.65,128.87,85.28,107.34,78.47,193.27,112.47,170.05
2023-09-21,146.44,141.60,322.98,129.06,85.42,106.14,78.21,188.44,117.44,170.67
2023-09-20,147.75,142.15,332.61,132.33,89.36,107.56,79.98,193.62,120.61,176.04
2023-09-19,150.77,145.64,342.69,136.58,90.91,109.49,80.79,196.89,122.40,175.88
2023-09-18,149.84,145.82,346.21,136.75,92.46,108.59,81.39,197.08,121.84,175.01
2023-09-15,147.35,146.33,345.69,135.95,92.73,107.78,81.78,197.47,126.03,177.66
2023-09-14,147.96,150.09,358.92,136.64,95.59,111.88,83.81,202.10,126.79,177.27
2023-09-13,146.68,148.92,358.17,135.27,95.67,109.49,83.15,197.76,124.61,174.43
2023-09-12,148.44,147.02,353.32,133.91,93.28,108.27,82.48,195.81,122.86,170.95
2023-09-11,151.01,149.76,355.75,135.47,94.52,110.39,81.67,199.20,125.66,197.62
2023-09-08,150.02,148.13,358.85,134.94,91.30,106.92,81.71,198.83,114.14,197.02
2023-09-07,149.50,146.20,364.12,133.83,91.05,107.20,82.08,198.71,115.51,195.10
2023-09-06,154.00,147.51,370.58,133.04,89.41,107.38,84.10,202.24,115.71,193.91
2023-09-05,159.72,147.81,382.25,134.34,90.67,107.73,86.23,202.22,117.81,193.37
2023-09-01,159.52,145.64,381.95,134.23,91.23,106.37,84.95,202.30,112.53,188.61
2023-08-31,158.18,145.24,388.61,134.73,91.16,106.20,85.29,213.98,118.54,187.77
2023-08-30,157.99,145.70,387.89,134.45,89.21,105.91,86.40,206.88,118.00,188.91
2023-08-29,155.02,145.53,384.11,133.15,89.11,106.95,86.67,206.34,118.12,188.17
2023-08-28,151.71,143.45,368.77,129.63,87.94,104.18,85.68,199.65,109.69,182.23
2023-08-25,150.38,143.13,362.33,128.51,88.02,102.47,84.86,197.50,109.59,181.01
2023-08-24,148.50,141.79,371.35,128.41,87.08,102.92,84.34,198.11,105.66,176.10
2023-08-23,152.49,144.91,370.98,130.97,89.51,105.61,85.89,203.24,108.79,183.79
2023-08-22,149.22,142.90,359.58,127.72,88.67,103.22,84.08,198.42,107.11,181.76
2023-08-21,148.05,142.64,369.81,127.01,88.96,104.05,84.37,200.59,106.23,181.84
2023-08-18,146.91,140.25,340.93,126.11,87.99,101.66,83.04,191.48,98.98,181.64
2023-08-17,146.50,140.42,341.28,128.55,88.49,102.32,83.53,191.77,100.69,179.17
2023-08-16,148.66,141.98,342.40,127.34,89.21,105.62,83.66,193.13,103.62,179.89
2023-08-15,149.40,142.33,345.97,128.41,90.93,108.37,83.57,195.34,107.00,182.93
2023-08-14,151.10,143.29,344.50,129.94,92.85,109.90,84.84,198.03,110.12,180.25
2023-08-11,149.69,141.95,321.68,128.19,91.42,108.26,83.85,192.39,111.45,176.33
2023-08-10,149.64,142.80,333.75,128.32,91.52,109.73,86.41,195.43,112.69,176.23
2023-08-09,149.83,142.49,335.06,128.29,91.05,109.54,85.67,197.25,111.24,176.40
2023-08-08,151.18,144.18,351.67,130.01,92.43,112.21,86.13,204.77,114.69,179.72
2023-08-07,150.38,145.98,357.60,130.14,93.94,113.62,87.83,207.99,115.49,181.08
2023-08-04,153.02,144.95,351.80,126.76,92.19,111.52,87.65,204.42,116.60,178.49
2023-08-03,160.74,144.45,350.50,127.09,85.15,112.41,86.58,205.19,119.11,178.66
2023-08-02,161.92,144.82,348.56,127.02,84.68,112.81,87.23,206.89,116.71,180.47
2023-08-01,164.47,148.73,366.18,130.16,86.98,115.82,89.70,213.31,119.91,183.90
2023-07-31,165.18,148.55,367.93,131.32,88.30,114.35,90.38,208.36,122.83,182.84
2023-07-28,164.66,149.63,368.10,131.18,87.33,116.82,91.94,208.62,122.38,180.90
2023-07-27,162.46,146.25,361.40,128.03,84.71,111.88,90.56,207.17,117.45,181.54
2023-07-26,163.54,149.36,357.88,127.91,84.64,107.16,90.62,207.07,121.42,180.14
2023-07-25,162.80,155.21,359.66,120.92,85.29,105.69,91.45,212.84,121.84,183.96
2023-07-24,162.07,152.61,351.26,120.25,85.07,104.66,89.56,209.04,123.58,184.15
2023-07-21,161.39,152.02,348.88,118.75,85.87,105.61,88.65,207.92,119.43,183.49
2023-07-20,162.39,153.39,358.41,117.94,85.84,108.58,89.20,205.97,120.75,180.73
2023-07-19,164.04,157.02,370.67,120.74,89.41,113.42,93.94,208.99,133.78,185.12
2023-07-18,162.89,158.97,373.96,122.45,87.73,112.00,94.03,209.47,134.73,188.36
2023-07-17,163.11,152.88,365.82,123.33,88.22,111.49,95.52,211.07,133.37,185.43
2023-07-14,160.34,152.67,358.01,124.10,88.96,110.86,95.84,206.02,129.24,186.02
2023-07-13,160.21,151.53,362.01,123.23,88.71,112.49,96.23,206.44,127.64,183.18
2023-07-12,159.56,149.11,345.67,117.67,86.39,111.03,94.71,206.34,124.93,180.95
2023-07-11,158.14,147.02,333.89,115.90,85.06,107.06,92.30,204.51,123.92,179.17
2023-07-10,158.59,146.74,332.11,115.22,83.97,105.56,90.94,203.51,123.83,177.77
2023-07-07,160.33,149.12,334.66,118.22,85.72,104.27,91.36,196.32,126.05,178.13
2023-07-06,161.28,150.91,331.51,118.84,84.78,104.80,90.62,196.61,127.02,179.43
2023-07-05,160.87,149.53,333.19,120.46,86.12,105.65,92.06,199.83,129.74,180.23
2023-07-03,161.82,149.46,333.95,118.63,86.01,102.66,94.03,203.21,128.52,182.07
2023-06-30,163.09,150.59,333.08,118.44,86.10,103.00,91.99,201.12,120.23,185.09
2023-06-29,159.41,148.16,321.42,117.84,84.48,101.04,91.74,199.99,118.27,183.05
2023-06-28,159.12,148.52,323.74,118.91,85.23,102.39,91.99,196.60,117.69,181.11
2023-06-27,158.12,147.95,329.72,117.08,85.32,103.03,93.05,196.71,114.92,183.15
2023-06-26,155.78,145.31,319.93,117.09,84.10,99.95,91.25,190.50,110.72,181.50
2023-06-23,156.96,148.15,332.34,121.05,85.42,103.63,92.89,190.62,117.86,184.39
2023-06-22,157.23,150.22,338.77,121.85,85.96,102.25,94.01,195.32,121.54,187.41
2023-06-21,154.68,147.50,338.93,119.28,82.45,101.08,92.65,196.54,119.17,189.77
2023-06-20,155.56,149.49,344.93,121.80,83.08,102.05,94.78,200.19,126.06,189.67
2023-06-16,155.48,151.38,336.15,122.23,82.89,100.85,95.32,200.21,119.67,194.99
2023-06-15,156.40,153.93,335.84,123.77,83.96,101.15,95.88,203.74,117.54,196.68
2023-06-14,154.67,149.17,338.55,122.36,83.50,98.11,97.50,204.38,117.95,190.03
2023-06-13,154.13,147.83,323.00,122.52,83.66,97.38,96.95,196.29,118.83,181.34
2023-06-12,154.53,146.75,310.87,122.33,83.60,97.28,97.18,197.27,114.75,180.96
2023-06-09,152.15,144.51,305.27,120.94,81.53,95.09,93.32,185.57,112.25,170.73
2023-06-08,151.83,143.83,303.22,120.85,82.07,94.96,90.72,185.47,107.87,167.05
2023-06-07,149.51,143.00,295.07,121.21,80.07,94.61,91.04,182.80,103.15,163.58
2023-06-06,150.68,147.56,304.32,125.97,83.63,97.31,90.61,182.20,101.65,166.45
2023-06-05,150.99,148.56,308.39,124.68,82.76,97.41,89.00,185.03,99.95,166.19
2023-06-02,152.15,148.32,309.62,123.35,82.07,97.84,89.81,187.27,98.28,164.57
2023-06-01,151.42,147.07,313.11,122.41,81.09,97.84,89.72,182.18,95.32,164.73
2023-05-31,149.03,145.22,297.86,121.57,79.64,95.01,89.49,186.34,93.67,164.65
2023-05-30,149.08,146.46,315.79,122.36,80.36,94.22,92.57,185.27,92.39,163.42
2023-05-26,147.50,147.21,306.62,123.29,79.33,94.05,93.69,187.44,88.72,161.76
2023-05-25,145.45,144.12,299.01,122.18,75.96,90.69,91.64,168.08,84.73,162.09
2023-05-24,144.49,138.79,240.42,119.62,77.11,89.44,81.81,156.72,84.01,152.81
2023-05-23,144.25,139.41,241.60,121.27,75.95,88.56,82.10,158.33,85.33,153.15
2023-05-22,146.47,142.03,245.45,123.73,75.96,89.12,83.26,156.45,86.75,158.17
2023-05-19,147.28,140.77,246.14,121.46,76.78,88.16,84.04,157.35,82.74,159.83
2023-05-18,147.19,140.85,249.40,121.53,78.04,88.60,84.10,156.34,81.25,159.06
2023-05-17,145.20,138.85,237.59,119.56,76.29,87.03,82.50,151.63,79.85,155.06
2023-05-16,144.68,137.55,229.99,118.25,74.90,85.72,77.96,147.93,76.48,152.70
2023-05-15,144.68,136.55,227.94,115.28,73.45,85.73,77.76,147.56,76.41,151.16
2023-05-12,145.10,136.33,223.12,116.27,72.83,83.92,75.73,145.56,77.15,152.08
2023-05-11,145.89,136.83,224.99,115.34,74.10,84.63,75.73,144.76,79.04,151.44
2023-05-10,145.73,137.80,227.41,110.57,72.78,83.66,77.07,144.44,77.41,151.57
2023-05-09,144.23,135.46,224.94,106.22,70.42,83.76,77.21,142.65,77.69,149.42
2023-05-08,145.68,136.19,229.50,106.63,69.90,83.72,77.65,145.08,78.90,150.43
2023-05-05,145.74,137.07,225.80,104.46,69.79,83.55,77.13,145.32,78.11,150.71
2023-05-04,139.21,134.76,216.99,103.58,68.69,83.81,75.79,140.72,74.04,147.60
2023-05-03,140.60,134.31,218.88,104.30,68.46,85.07,75.07,141.42,73.77,147.31
2023-05-02,141.52,134.76,222.10,104.21,68.45,85.87,75.31,141.22,73.63,147.34
2023-05-01,142.40,134.83,227.61,106.07,67.40,87.28,76.23,147.13,74.33,147.45
2023-04-28,142.47,135.58,218.47,106.21,69.65,86.25,76.52,144.49,75.47,147.21
2023-04-27,141.41,134.50,214.35,106.45,72.54,85.62,75.95,142.62,73.58,147.71
2023-04-26,137.50,130.33,212.22,102.62,69.34,75.16,74.66,142.11,70.62,145.64
2023-04-25,137.51,121.53,206.59,102.75,67.75,74.49,74.70,143.46,73.80,146.19
2023-04-24,138.82,124.33,212.90,104.85,70.15,76.37,76.83,146.34,74.66,148.33
2023-04-21,138.56,126.09,213.51,104.30,70.65,76.41,77.49,145.96,75.82,147.88
2023-04-20,139.93,126.24,213.39,104.18,68.57,76.47,81.05,145.99,74.86,147.38
2023-04-19,140.75,127.28,219.90,103.08,68.89,77.42,79.18,146.33,82.95,148.91
2023-04-18,139.78,127.24,217.82,103.40,67.57,78.20,80.01,145.83,84.65,149.93
2023-04-17,138.74,127.43,212.58,104.85,67.86,78.55,79.87,144.69,85.91,148.57
2023-04-14,138.72,126.26,210.66,107.72,67.71,79.50,79.15,142.88,84.97,148.75
2023-04-13,139.01,127.89,208.34,106.30,67.64,79.09,79.02,143.97,85.38,148.50
2023-04-12,134.43,125.09,208.59,103.54,64.62,76.81,78.86,142.23,82.92,145.94
2023-04-11,135.02,124.80,213.90,104.24,66.00,76.75,81.01,143.35,85.79,146.05
2023-04-10,136.05,127.69,217.13,105.32,67.48,77.08,80.81,144.69,84.75,145.72
2023-04-06,138.26,128.67,212.86,107.28,67.41,77.56,81.91,143.60,85.00,148.46
2023-04-05,137.50,125.46,211.63,103.37,66.78,75.90,81.88,145.07,85.21,146.86
2023-04-04,139.07,126.72,216.14,103.61,68.66,77.07,83.67,146.31,88.45,145.49
2023-04-03,139.53,126.74,220.17,103.26,67.64,76.47,84.27,148.17,89.46,145.36
2023-03-31,138.46,127.21,218.69,102.63,68.22,76.07,84.44,147.96,95.29,143.81
2023-03-30,136.33,125.34,215.58,99.82,67.37,74.60,83.94,146.16,89.69,140.08
2023-03-29,134.99,123.77,212.44,100.32,66.22,73.70,84.20,144.26,89.05,140.25
2023-03-28,132.37,121.44,207.92,99.96,64.23,72.03,82.43,144.07,86.90,139.06
2023-03-27,132.90,121.95,208.88,101.38,64.76,72.80,82.30,144.57,88.10,139.51
2023-03-24,134.55,123.80,210.83,104.33,64.82,73.94,84.23,146.72,87.46,136.21
2023-03-23,133.45,122.52,214.07,104.49,65.20,73.32,85.86,147.42,88.29,135.86
2023-03-22,132.52,120.15,208.38,102.28,65.19,71.71,84.07,145.51,87.80,136.04
2023-03-21,133.74,120.80,206.26,103.81,66.45,72.56,83.97,146.85,90.75,135.55
2023-03-20,132.16,120.12,203.91,100.15,64.54,71.00,81.73,147.40,84.17,134.59
2023-03-17,130.15,123.30,202.53,100.55,65.36,70.21,81.22,144.48,82.73,131.96
2023-03-16,130.86,121.87,201.08,99.26,66.08,73.55,81.06,145.75,84.57,131.28
2023-03-15,128.46,117.12,190.75,95.10,63.54,70.97,78.29,143.35,82.88,128.43
2023-03-14,128.12,115.07,189.45,92.98,62.67,69.64,80.63,144.82,84.17,130.88
2023-03-13,126.34,112.04,180.81,90.15,61.05,64.93,79.23,141.16,80.14,131.45
2023-03-10,124.69,109.69,180.80,89.67,59.93,64.43,78.79,140.78,79.66,130.12
2023-03-09,126.44,111.33,184.51,91.35,60.93,65.21,80.26,142.54,79.42,134.45
2023-03-08,128.36,111.94,190.38,93.25,62.03,66.39,82.02,144.77,83.59,136.96
2023-03-07,127.29,112.14,183.34,92.87,61.79,66.22,80.23,143.15,86.22,136.76
2023-03-06,129.16,113.34,185.41,94.13,61.92,66.36,80.89,144.93,89.02,138.89
2023-03-03,126.81,112.64,188.05,92.66,62.68,66.49,81.08,144.89,90.85,138.13
2023-03-02,122.51,110.80,183.52,91.03,60.85,62.64,80.40,137.08,87.68,134.61
2023-03-01,122.01,108.66,178.67,89.41,60.88,62.24,79.85,135.92,93.13,133.63
2023-02-28,123.77,110.05,182.75,89.11,62.24,62.79,78.63,136.08,94.48,135.27
2023-02-27,124.20,110.38,184.99,88.92,61.93,60.85,78.84,134.06,95.37,136.14
2023-02-24,123.19,109.97,183.30,88.19,61.76,61.15,79.57,132.29,90.43,137.22
2023-02-23,125.44,112.42,186.27,89.93,63.29,61.75,81.35,133.68,92.81,137.10
2023-02-22,125.03,110.98,163.37,90.68,63.27,61.42,78.41,131.93,92.26,133.60
2023-02-21,124.67,111.49,162.59,90.82,62.47,61.76,79.14,133.16,90.65,133.41
2023-02-17,128.09,113.87,168.36,93.35,64.20,62.05,81.36,136.38,95.68,135.08
2023-02-16,129.06,115.67,173.19,94.50,64.83,61.89,82.01,137.51,92.80,135.77
2023-02-15,130.42,118.84,179.19,95.92,66.82,63.58,83.77,139.15,98.40,136.73
2023-02-14,128.64,119.79,180.82,93.68,65.85,64.42,88.46,137.92,96.11,137.89
2023-02-13,129.18,119.42,171.51,93.61,65.75,64.40,86.79,137.64,89.40,138.40
2023-02-10,126.80,115.80,167.39,93.57,64.47,62.50,86.12,135.84,90.43,134.87
2023-02-09,126.49,116.03,175.83,94.01,64.89,63.86,87.31,137.25,95.22,134.11
2023-02-08,127.37,117.40,174.79,98.32,66.08,65.84,85.14,137.78,92.45,134.17
2023-02-07,129.65,117.76,174.54,106.50,67.44,68.77,85.38,140.70,90.40,135.80
2023-02-06,127.21,113.01,166.00,101.81,67.49,66.78,82.93,137.69,89.45,137.02
2023-02-03,129.53,113.71,166.09,103.67,68.29,66.95,85.48,136.84,87.26,138.71
2023-02-02,126.44,116.46,170.88,106.60,74.58,67.75,87.28,138.71,86.47,138.34
2023-02-01,121.92,111.25,164.85,99.37,69.45,54.96,85.55,138.02,83.32,139.37
2023-01-31,120.97,109.07,153.79,97.80,68.12,53.47,83.74,133.96,79.56,136.91
2023-01-30,119.89,106.83,150.84,95.92,66.41,52.78,84.10,133.14,76.55,135.19
2023-01-27,122.34,109.23,160.30,98.32,67.53,54.46,84.25,135.32,81.71,137.73
2023-01-26,120.69,109.15,155.87,96.49,65.54,52.87,84.39,137.06,73.61,139.03
2023-01-25,118.93,105.90,152.10,94.21,64.19,50.79,83.45,134.11,66.34,138.74
2023-01-24,119.49,106.53,151.65,96.67,63.62,51.37,85.39,133.96,66.09,138.83
2023-01-23,118.30,106.77,151.08,98.74,64.41,51.42,86.38,133.18,66.03,137.70
2023-01-20,115.59,105.73,140.42,96.99,64.23,50.02,82.20,130.70,61.28,135.04
2023-01-19,113.41,102.08,131.97,92.07,61.88,48.87,79.83,128.97,58.41,133.01
2023-01-18,113.36,103.79,136.78,90.16,63.05,47.74,80.79,131.50,59.15,134.20
2023-01-17,113.97,105.79,139.34,90.33,63.44,48.58,80.36,132.63,60.39,137.13
2023-01-13,112.98,105.29,133.02,91.15,64.81,49.16,78.38,132.58,56.22,138.06
2023-01-12,111.85,104.98,129.97,90.17,62.93,49.07,78.56,133.25,56.75,137.41
2023-01-11,111.91,103.77,125.95,90.55,62.81,47.70,73.85,132.38,56.60,137.13
2023-01-10,109.60,100.73,125.23,87.49,59.36,47.73,73.39,131.65,54.59,133.88
2023-01-09,109.11,99.96,123.02,87.09,57.70,46.47,72.52,132.10,55.01,133.75
2023-01-06,108.67,99.00,116.96,86.42,56.86,46.67,70.50,134.74,51.93,132.08
2023-01-05,104.81,97.85,112.29,85.29,54.90,45.56,68.39,127.09,50.68,130.00
2023-01-04,105.94,100.84,116.10,87.15,56.24,45.71,68.92,128.28,52.20,130.26
2023-01-03,104.86,105.45,112.68,88.18,56.68,44.77,66.85,126.74,49.65,129.09
2022-12-30,108.93,105.55,115.04,87.30,55.48,43.19,67.27,128.03,56.58,126.04
2022-12-29,108.66,106.08,114.95,87.52,55.60,43.16,68.63,127.73,55.95,125.51
2022-12-28,105.67,103.23,110.49,85.11,54.04,41.50,65.98,124.77,51.77,123.86
2022-12-27,109.01,104.30,111.15,86.47,54.85,41.95,67.11,126.75,50.11,124.87
2022-12-23,110.55,105.07,119.70,88.29,56.31,42.37,67.63,126.50,56.56,124.67
2022-12-22,110.86,104.84,120.74,86.83,55.34,42.04,67.98,126.65,57.57,124.11
2022-12-21,113.56,107.58,129.89,88.63,57.31,42.98,69.66,128.51,63.19,125.67
2022-12-20,110.92,106.43,126.61,88.08,56.27,42.02,68.29,124.57,63.29,124.80
2022-12-19,110.98,105.83,127.94,87.51,56.09,41.09,68.72,125.85,68.84,124.13
2022-12-16,112.77,107.70,130.44,89.31,58.03,42.86,68.90,126.24,69.00,122.71
2022-12-15,114.44,109.60,133.44,89.90,58.42,41.69,70.08,126.71,72.42,123.46
2022-12-14,120.06,113.21,139.12,94.07,60.49,43.64,71.85,130.45,72.02,126.16
2022-12-13,121.96,113.08,142.26,94.62,61.09,43.12,72.29,129.67,73.93,124.22
2022-12-12,121.14,111.14,138.03,92.32,59.81,41.17,72.22,126.40,77.08,125.33
2022-12-09,119.18,108.02,133.82,91.85,58.84,41.60,72.46,123.70,82.24,123.14
2022-12-08,119.59,108.89,135.15,92.72,59.68,41.39,72.55,120.60,79.66,123.46
2022-12-07,118.16,107.56,126.89,93.94,58.43,40.89,71.15,117.74,79.94,121.47
2022-12-06,119.81,107.89,125.84,95.96,58.29,40.96,71.44,119.41,82.59,121.67
2022-12-05,122.93,110.12,130.75,98.43,60.11,43.94,73.29,120.50,83.80,122.48
2022-12-02,123.92,112.24,132.84,99.38,62.17,44.32,73.18,122.81,89.50,128.52
2022-12-01,124.34,112.10,134.88,99.92,63.08,43.23,74.24,125.07,89.43,129.69
2022-11-30,124.10,112.30,133.21,99.92,63.77,42.39,74.51,125.13,89.43,128.03
2022-11-29,118.35,105.78,123.07,94.19,61.04,39.29,71.23,118.40,83.06,124.67
2022-11-28,120.91,106.41,124.55,95.04,62.05,39.04,71.14,118.59,84.02,125.50
2022-11-25,124.17,108.93,128.04,96.43,61.70,39.99,73.09,120.33,83.99,127.55
2022-11-23,126.65,108.97,130.00,97.42,62.17,40.28,73.60,121.18,84.14,127.30
2022-11-22,125.91,107.85,126.21,96.03,61.56,40.00,74.12,120.37,78.04,126.62
2022-11-21,124.09,106.54,120.54,94.59,61.07,39.43,71.77,117.50,77.10,123.08
2022-11-18,126.84,106.17,121.26,96.40,62.18,40.22,73.87,116.99,82.76,122.94
2022-11-17,126.36,106.37,123.37,97.32,62.65,40.00,73.16,116.29,84.13,122.12
2022-11-16,124.74,106.40,125.21,97.81,64.15,40.64,71.34,116.21,85.85,123.19
2022-11-15,125.79,106.20,131.15,97.40,65.35,42.02,72.25,119.09,89.30,122.09
2022-11-14,124.31,106.02,128.23,94.69,65.05,40.99,65.37,116.54,87.70,121.09
2022-11-11,125.50,108.46,128.49,95.39,66.57,40.56,66.30,117.65,90.01,119.87
2022-11-10,123.13,106.64,123.95,92.95,63.82,40.15,63.61,115.03,87.60,118.99
2022-11-09,113.07,98.54,108.41,86.40,56.90,36.42,58.37,106.61,81.57,116.66
2022-11-08,116.95,100.45,114.91,87.96,59.43,34.62,58.38,109.48,87.87,116.63
2022-11-07,116.47,100.01,112.54,87.56,59.80,34.71,56.36,107.92,90.52,118.33
2022-11-04,116.01,97.17,111.40,85.67,60.09,32.59,56.10,105.66,95.29,117.19
2022-11-03,116.24,94.04,105.62,82.55,58.98,31.91,54.13,100.85,98.89,115.69
2022-11-02,121.39,96.60,104.03,86.05,60.85,32.50,54.34,103.56,98.74,115.83
2022-11-01,126.09,100.14,106.58,89.51,63.93,34.17,55.30,106.25,104.64,118.90
2022-10-31,128.34,101.88,106.22,93.51,67.66,33.44,55.27,106.76,104.51,120.38
2022-10-28,130.35,103.52,108.87,95.27,68.30,35.60,55.68,107.39,104.96,119.28
2022-10-27,121.20,99.52,103.69,91.25,73.29,35.15,54.73,103.41,103.39,115.88
2022-10-26,125.00,101.53,101.49,93.93,76.39,46.59,54.63,104.73,103.18,115.37
2022-10-25,127.51,110.02,104.36,103.38,79.66,49.35,54.90,104.48,102.16,112.78
2022-10-24,125.09,108.52,99.15,101.44,79.14,46.56,55.04,103.67,97.03,112.44
2022-10-21,123.26,106.27,98.10,100.06,78.81,46.66,57.24,102.13,98.49,112.10
2022-10-20,120.02,103.65,95.96,98.91,76.12,47.21,57.09,97.71,95.20,106.78
2022-10-19,120.41,103.79,94.84,98.58,76.00,47.82,57.16,98.85,101.98,102.23
2022-10-18,120.32,104.68,94.18,99.71,76.86,47.66,57.21,98.74,101.13,103.36
2022-10-17,119.20,104.25,93.55,98.91,75.16,48.11,58.27,98.87,100.75,103.34
2022-10-14,115.82,100.32,88.35,95.54,70.61,45.50,57.40,96.99,94.15,99.16
2022-10-13,119.68,102.81,94.12,98.01,74.33,46.76,59.82,99.46,101.84,100.53
2022-10-12,115.79,99.08,90.50,96.53,74.57,45.76,57.57,97.78,99.78,98.34
2022-10-11,116.32,98.93,91.18,96.15,74.12,46.13,56.97,97.82,99.44,96.23
2022-10-10,117.53,100.62,91.84,96.83,75.08,48.02,60.56,99.40,102.41,95.99
2022-10-07,117.25,102.81,95.03,97.64,75.67,47.90,62.63,104.57,102.46,97.09
2022-10-06,121.72,108.32,103.33,100.35,79.46,49.91,66.76,108.89,109.37,100.17
2022-10-05,122.53,109.37,103.95,100.36,79.89,49.88,66.88,110.09,110.61,102.23
2022-10-04,122.28,109.23,103.62,100.57,79.98,50.35,65.38,108.97,114.57,100.77
2022-10-03,119.23,105.66,98.46,97.60,76.54,49.75,62.18,103.73,111.34,96.77
2022-09-30,115.67,102.22,95.53,94.64,74.64,48.70,61.56,100.83,121.83,93.68
2022-09-29,119.25,104.24,96.17,96.39,75.83,48.96,62.21,102.22,123.19,94.19
2022-09-28,125.41,105.81,100.23,98.99,77.95,50.83,64.77,105.81,132.19,96.75
2022-09-27,127.02,103.76,97.69,96.47,75.57,48.24,65.58,105.54,129.96,95.76
2022-09-26,126.19,104.22,96.23,97.13,76.06,48.94,65.56,104.97,126.77,97.34
2022-09-23,125.91,104.42,98.50,97.70,75.15,50.39,66.33,106.43,126.46,99.02
2022-09-22,127.84,105.77,98.85,99.08,77.48,51.26,67.91,108.46,132.55,101.29
2022-09-21,128.66,104.88,104.36,98.23,78.30,51.01,69.27,109.49,138.16,102.40
2022-09-20,131.32,106.41,103.69,100.07,80.71,52.43,70.17,111.04,141.80,104.48
2022-09-19,129.30,107.32,105.31,101.98,82.34,53.13,70.25,113.01,141.96,105.96
2022-09-16,126.13,107.42,103.86,101.71,81.59,52.51,69.94,113.16,139.33,105.59
2022-09-15,127.53,107.70,101.75,101.82,83.41,53.68,70.02,112.63,139.51,107.75
2022-09-14,129.99,110.70,103.31,103.89,84.91,54.36,71.13,115.02,138.99,110.64
2022-09-13,128.76,110.60,103.34,103.22,83.77,54.96,70.37,113.42,134.18,116.65
2022-09-12,136.79,117.03,114.15,109.69,90.13,60.64,73.35,119.14,139.82,118.24
2022-09-09,131.72,116.07,113.22,109.48,88.03,60.71,72.80,117.64,137.64,116.45
2022-09-08,129.28,113.47,110.10,107.24,85.75,58.17,71.65,115.29,132.86,114.52
2022-09-07,130.54,113.28,107.92,108.29,85.52,57.57,71.39,113.75,130.30,114.27
2022-09-06,129.34,111.15,105.93,105.68,83.30,56.90,71.46,112.19,126.04,113.26
2022-09-02,130.41,112.39,107.36,106.71,84.22,57.54,72.24,112.65,124.11,114.56
2022-09-01,132.21,114.29,109.65,108.58,84.43,59.35,72.90,110.80,127.30,115.51
2022-08-31,131.59,114.76,118.75,107.08,83.73,58.48,74.42,112.40,126.59,113.75
2022-08-30,133.01,115.42,121.69,107.79,85.03,56.41,73.92,114.04,127.55,113.73
2022-08-29,135.07,116.41,124.31,108.26,85.73,57.13,73.98,115.79,130.82,113.81
2022-08-26,136.95,117.67,127.92,109.18,86.36,58.06,75.66,117.30,132.32,114.52
2022-08-25,142.31,122.39,140.93,115.42,90.67,60.58,78.19,123.89,135.99,117.95
2022-08-24,140.22,121.05,135.49,112.49,88.38,58.60,76.40,119.54,136.46,116.85
2022-08-23,139.97,121.33,135.17,112.66,88.26,57.82,76.82,119.30,136.16,117.22
2022-08-22,140.25,121.91,134.01,113.03,87.99,58.52,76.11,119.07,133.16,117.29
2022-08-19,143.56,125.59,140.42,115.97,91.30,60.28,77.86,123.50,136.26,120.67
2022-08-18,145.76,127.36,147.69,118.90,93.99,62.69,79.71,125.76,139.11,121.68
2022-08-17,146.10,127.86,144.25,118.29,93.86,62.76,79.65,121.29,139.63,121.57
2022-08-16,144.82,128.20,148.53,120.42,95.63,64.41,80.32,124.23,140.81,121.99
2022-08-15,144.96,128.53,149.73,120.79,94.57,64.92,81.76,125.88,142.07,121.36
2022-08-12,144.05,127.85,147.19,120.40,94.82,64.78,81.13,125.71,137.81,121.42
2022-08-11,141.02,125.71,141.15,117.59,92.89,63.70,79.93,122.83,131.65,118.37
2022-08-10,141.65,126.64,142.37,118.44,94.25,64.01,79.17,123.95,135.20,118.95
2022-08-09,138.04,123.64,134.42,115.40,91.04,60.49,76.08,119.98,130.14,117.77
2022-08-08,137.99,122.77,139.98,116.06,92.08,61.10,78.52,122.85,133.39,117.31
2022-08-05,138.40,123.91,149.39,116.23,93.00,59.98,80.16,124.18,132.36,118.66
2022-08-04,138.59,124.23,151.17,116.94,94.17,61.22,78.95,124.49,141.76,118.74
2022-08-03,138.86,123.71,148.64,116.83,92.15,60.58,77.24,123.12,141.19,118.69
2022-08-02,133.74,120.36,145.75,113.91,88.61,57.49,76.83,119.63,138.06,117.12
2022-08-01,134.99,121.76,145.08,113.65,89.43,57.40,77.07,120.79,136.54,118.80
2022-07-29,135.83,122.96,142.89,115.09,89.14,57.10,79.00,120.59,136.48,119.41
2022-07-28,131.52,121.06,141.48,113.01,80.77,57.68,79.12,120.17,129.02,118.18
2022-07-27,131.05,117.70,139.96,111.87,79.90,60.86,78.24,118.86,126.23,116.39
2022-07-26,126.71,110.33,130.07,103.91,75.83,57.12,75.38,115.10,118.90,113.57
2022-07-25,127.84,113.36,133.93,106.37,80.01,59.81,77.06,115.55,123.29,114.84
2022-07-22,128.79,114.03,136.25,106.76,80.86,60.75,77.07,115.42,125.04,114.90
2022-07-21,129.85,115.99,142.00,113.13,82.32,65.74,78.39,116.58,124.80,114.35
2022-07-20,127.91,114.87,140.09,112.70,81.09,65.71,77.29,115.25,113.68,111.36
2022-07-19,126.21,113.67,133.68,112.61,78.08,63.09,76.92,114.63,112.77,110.82
2022-07-18,122.92,111.35,126.67,107.88,75.14,60.02,74.63,110.59,110.48,107.71
2022-07-15,125.52,112.44,124.00,110.60,75.00,59.11,76.46,111.35,110.26,108.52
2022-07-14,124.10,111.28,120.94,109.20,73.07,56.73,74.71,109.14,109.46,106.54
2022-07-13,121.60,110.68,119.30,110.18,72.92,58.68,72.58,108.48,108.87,107.43
2022-07-12,121.91,111.10,118.65,112.82,72.14,58.60,70.63,108.40,107.05,108.01
2022-07-11,121.09,115.85,119.20,114.46,73.81,58.46,70.64,108.74,107.64,109.79
2022-07-08,122.90,117.23,124.60,118.09,76.31,61.33,72.78,112.30,115.18,109.76
2022-07-07,122.32,117.55,124.76,117.53,76.84,61.80,72.01,112.27,112.32,109.70
2022-07-06,119.46,116.59,119.03,113.36,75.52,60.93,67.47,108.68,106.44,109.44
2022-07-05,118.32,115.12,117.73,112.07,74.97,60.37,67.96,107.26,107.05,109.94
2022-07-01,116.12,113.69,114.26,107.59,72.36,57.44,68.75,107.61,104.38,108.23
2022-06-30,114.27,112.48,119.26,107.81,70.15,57.87,72.99,109.40,103.10,106.71
2022-06-29,116.37,113.99,122.27,110.52,71.94,58.84,74.69,110.44,104.95,105.70
2022-06-28,114.88,112.33,125.73,110.83,70.94,57.67,75.31,112.25,106.86,104.74
2022-06-27,118.40,116.01,132.71,114.61,74.78,60.83,76.66,113.88,112.49,107.53
2022-06-24,118.40,117.25,134.73,116.73,76.92,61.07,76.72,114.65,112.85,107.97
2022-06-23,115.57,113.37,127.65,111.06,74.27,56.98,75.11,111.83,107.97,103.29
2022-06-22,113.13,110.86,128.71,110.31,71.96,55.94,75.82,111.72,108.44,101.61
2022-06-21,113.56,111.13,130.33,110.37,71.78,56.37,77.64,113.45,108.87,103.36
2022-06-17,109.96,108.46,124.93,106.01,70.16,58.77,75.90,111.37,99.56,103.42
2022-06-16,108.71,107.29,122.74,104.91,68.47,57.74,75.47,111.04,97.88,104.94
2022-06-15,113.20,110.26,130.02,108.61,71.12,60.78,79.17,117.64,107.02,106.45
2022-06-14,110.96,107.08,124.59,105.59,67.58,58.76,77.44,116.18,101.46,108.01
2022-06-13,110.23,106.10,123.10,105.27,68.47,58.95,75.99,115.61,99.09,97.82
2022-06-10,114.62,110.80,133.54,109.99,72.42,63.01,78.77,120.89,106.66,102.54
2022-06-09,119.22,115.97,141.99,113.62,76.72,66.04,80.69,124.23,110.10,105.71
2022-06-08,123.67,118.43,146.71,115.96,80.04,70.58,83.02,126.27,111.09,109.01
2022-06-07,124.30,119.35,148.86,115.91,81.24,70.22,83.35,127.97,109.72,111.01
2022-06-06,122.15,117.71,147.76,115.59,82.42,69.72,82.70,125.35,109.44,111.44
2022-06-03,121.51,118.26,147.24,113.33,80.81,68.47,83.29,125.81,107.71,109.64
2022-06-02,126.39,120.26,154.10,116.38,82.90,71.37,85.57,128.81,118.65,111.70
2022-06-01,124.30,119.31,144.10,112.69,80.37,67.71,84.16,128.12,113.35,109.35
2022-05-31,124.40,119.07,146.87,112.56,79.40,69.50,84.65,129.57,116.09,109.84
2022-05-27,125.07,119.67,147.96,111.13,76.05,70.03,83.29,130.27,116.30,111.15
2022-05-26,120.18,116.46,140.41,106.65,73.37,68.78,80.83,122.99,108.35,109.44
2022-05-25,117.45,114.98,133.52,104.69,70.53,65.98,80.30,118.74,100.86,106.65
2022-05-24,117.32,113.71,127.06,104.85,68.76,65.06,78.80,117.08,96.17,105.42
2022-05-23,119.62,114.16,132.91,110.31,71.04,70.43,81.27,117.56,103.33,106.97
2022-05-20,115.00,110.61,131.31,107.76,71.06,69.46,80.63,121.32,101.64,104.81
2022-05-19,114.80,110.87,134.69,109.22,70.88,68.66,80.13,121.99,108.61,102.38
2022-05-18,117.70,111.28,133.23,110.72,70.75,69.00,80.41,127.43,108.67,104.31
2022-05-17,124.74,116.59,142.97,115.24,76.20,72.72,82.89,135.83,116.60,109.78
2022-05-16,121.65,114.26,135.79,113.24,73.19,71.80,80.30,130.14,110.90,106.46
2022-05-13,122.96,114.10,139.27,114.83,74.67,71.29,80.79,131.38,117.83,108.69
2022-05-12,119.16,111.58,127.23,111.65,70.63,68.64,77.89,127.66,111.46,108.02
2022-05-11,122.45,113.85,130.80,112.40,69.60,67.74,78.01,126.66,112.38,108.48
2022-05-10,129.14,117.76,138.39,113.19,71.90,70.94,78.89,129.85,122.49,110.77
2022-05-09,127.10,115.61,133.32,111.32,71.86,70.42,77.54,125.73,120.51,109.26
2022-05-06,131.46,120.04,146.89,114.52,75.81,73.14,81.39,129.56,132.53,110.71
2022-05-05,130.84,121.19,148.22,115.28,76.89,74.75,81.85,129.54,133.70,111.18
2022-05-04,138.56,126.71,159.94,120.97,83.18,80.18,85.26,134.82,145.85,114.86
2022-05-03,133.10,123.13,154.18,116.10,82.07,76.10,83.16,129.80,139.21,111.93
2022-05-02,131.83,124.30,153.64,115.35,82.23,75.78,83.28,128.73,138.24,113.01
2022-04-29,131.57,121.26,145.88,112.90,82.09,71.95,82.54,123.82,133.31,112.10
2022-04-28,136.57,126.56,155.60,117.27,95.51,73.84,84.58,129.30,134.35,116.28
2022-04-27,130.67,123.75,144.84,113.09,91.26,62.79,80.17,124.97,134.96,114.18
2022-04-26,130.87,118.07,147.78,117.40,92.07,64.95,82.40,125.09,134.18,113.79
2022-04-25,135.94,122.66,156.54,121.77,96.48,67.11,85.48,131.30,152.80,117.57
2022-04-22,135.03,119.74,153.50,118.37,95.34,66.08,84.98,131.09,153.88,116.39
2022-04-21,138.89,122.70,158.75,123.50,97.95,67.50,86.74,132.38,154.45,121.38
2022-04-20,139.57,125.13,168.97,126.69,101.72,71.93,87.94,133.50,149.61,122.62
2022-04-19,139.71,124.66,174.60,128.64,104.44,78.00,88.33,133.48,157.41,121.51
2022-04-18,137.77,122.57,171.34,126.33,100.92,75.65,87.73,130.99,153.76,119.46
2022-04-14,137.95,122.27,167.21,125.39,100.20,75.44,87.37,128.17,150.81,121.34
2022-04-13,142.22,125.68,174.64,128.52,102.74,77.16,90.15,132.34,156.53,121.80
2022-04-12,139.93,123.25,169.14,126.37,99.60,76.86,86.55,130.67,151.10,121.15
2022-04-11,138.33,124.65,172.39,127.46,99.82,77.69,86.66,129.68,149.42,121.81
2022-04-08,141.96,129.76,181.84,131.88,102.02,79.80,88.19,131.10,157.00,123.61
2022-04-07,143.67,131.69,190.41,134.45,104.22,80.02,89.28,134.69,161.87,124.53
2022-04-06,143.41,130.87,191.98,135.11,104.86,80.14,89.87,134.45,160.11,124.93
2022-04-05,146.11,135.84,203.96,139.11,108.36,83.21,91.04,137.16,167.07,126.17
2022-04-04,148.93,137.63,215.20,141.46,111.19,83.95,93.08,141.79,175.37,127.89
2022-04-01,145.48,135.20,210.11,138.67,108.03,80.70,91.30,140.03,166.05,124.76
2022-03-31,145.73,134.72,214.62,137.60,107.66,79.81,92.61,140.64,164.98,125.85
2022-03-30,148.37,137.14,217.80,140.44,109.84,81.78,94.80,140.95,167.49,126.81
2022-03-29,149.36,137.82,225.40,141.00,111.83,82.50,97.04,143.27,168.35,128.23
2022-03-28,146.56,135.76,221.96,139.96,111.62,80.25,94.44,141.35,167.16,127.18
2022-03-25,145.82,132.69,217.81,140.18,108.83,79.61,94.80,140.46,154.73,124.33
2022-03-24,145.28,132.88,221.42,140.08,108.09,78.81,95.86,139.91,155.23,125.11
2022-03-23,142.06,130.86,201.63,136.82,107.93,76.61,93.57,133.87,152.97,122.29
2022-03-22,140.90,132.86,208.63,138.39,108.91,77.76,95.07,136.54,152.18,124.44
2022-03-21,138.03,130.72,210.28,134.66,106.67,75.91,94.97,134.30,141.03,123.16
2022-03-18,136.86,131.27,208.07,134.69,106.51,77.70,94.79,135.42,138.62,124.26
2022-03-17,134.05,129.00,194.80,132.43,103.86,74.60,94.59,133.70,133.44,122.61
2022-03-16,133.19,128.64,192.68,131.87,101.13,73.09,93.88,134.69,128.64,121.64
2022-03-15,129.44,125.47,180.70,127.83,97.34,68.92,90.24,131.50,122.77,122.61
2022-03-14,125.71,120.79,167.77,124.62,93.69,66.98,87.78,125.96,117.33,117.24
2022-03-11,129.14,122.38,173.83,128.50,96.12,67.34,89.64,128.19,121.77,118.39
2022-03-10,132.30,124.79,178.22,131.03,96.97,70.06,91.90,130.39,128.35,116.61
2022-03-09,136.00,126.06,181.02,132.01,91.99,71.24,92.77,132.45,131.51,115.77
2022-03-08,131.40,120.53,169.22,125.76,89.84,68.30,88.40,127.77,126.22,111.55
2022-03-07,132.95,121.87,167.95,125.04,90.79,67.29,87.77,126.61,123.18,113.06
2022-03-04,136.18,126.66,180.40,130.51,96.20,71.80,92.87,132.22,128.34,116.36
2022-03-03,138.74,129.30,186.52,132.49,97.69,72.85,96.17,128.36,128.50,119.04
2022-03-02,139.01,131.17,190.50,133.15,100.43,74.69,96.89,129.95,134.71,119.09
2022-03-01,136.21,128.88,184.63,132.65,99.83,73.03,95.51,126.48,132.34,115.63
2022-02-28,137.81,130.56,191.77,133.63,101.43,75.74,94.59,130.32,133.26,115.57
2022-02-25,137.58,129.91,189.98,133.04,101.58,75.54,98.32,130.45,123.99,116.15
2022-02-24,135.82,128.72,186.76,131.29,99.97,74.51,98.90,128.67,122.60,113.81
2022-02-23,133.59,122.47,176.06,126.24,95.66,71.23,102.45,125.38,116.98,110.25
2022-02-22,137.14,125.72,183.94,128.44,99.21,72.53,103.34,128.11,125.78,112.76
2022-02-18,139.63,125.81,185.93,129.03,100.79,73.99,105.46,128.67,131.21,113.44
2022-02-17,140.95,127.04,192.73,131.14,102.15,74.55,105.86,128.45,134.17,114.90
2022-02-16,144.01,130.87,208.49,136.28,104.43,77.72,109.26,132.49,141.37,120.47
2022-02-15,144.21,131.02,208.36,135.17,103.38,79.32,110.07,133.72,141.23,121.35
2022-02-14,140.95,128.64,190.84,134.10,102.49,78.14,105.87,128.36,134.08,120.10
2022-02-11,140.75,128.65,188.34,132.86,101.25,78.80,106.97,127.21,131.67,121.32
2022-02-10,143.65,131.85,203.09,137.16,105.02,81.86,110.24,131.19,138.49,124.52
2022-02-09,147.12,135.70,210.01,140.10,106.47,83.27,110.95,135.62,142.69,126.95
2022-02-08,145.91,132.80,197.46,137.93,106.61,79.03,109.35,133.16,141.16,122.90
2022-02-07,143.27,131.23,194.47,137.73,104.32,80.72,108.12,130.36,138.92,122.83
2022-02-04,143.88,133.41,191.25,141.78,104.12,85.09,106.98,130.92,141.36,124.91
2022-02-03,144.12,131.36,188.33,141.58,91.71,85.33,105.93,128.86,136.44,124.65
2022-02-02,146.57,136.69,198.51,146.44,99.48,115.93,109.74,133.87,138.66,125.50
2022-02-01,145.54,134.64,193.76,136.19,99.86,114.49,108.77,131.49,142.58,123.28
2022-01-31,145.69,135.60,192.56,133.88,98.79,112.43,108.40,129.97,143.41,123.47
2022-01-28,141.98,134.42,179.62,131.94,95.10,108.29,103.96,124.26,129.58,122.43
2022-01-27,132.72,130.75,172.57,127.64,92.23,105.75,102.87,120.31,126.94,121.37
2022-01-26,133.11,129.38,179.08,127.87,91.73,105.75,108.80,123.59,143.52,121.08
2022-01-25,133.18,125.80,175.56,125.59,92.46,107.73,108.27,118.50,140.61,123.33
2022-01-24,134.72,129.23,183.80,129.42,95.47,110.80,111.34,120.15,142.38,125.38
2022-01-21,135.37,129.09,183.82,128.98,94.22,108.81,110.08,118.29,144.51,125.08
2022-01-20,137.13,131.51,189.92,131.90,100.18,113.62,113.44,121.51,152.53,125.84
2022-01-19,138.56,132.27,197.13,133.69,103.24,114.70,115.81,125.11,152.44,126.84
2022-01-18,141.53,131.97,203.71,134.56,104.97,114.19,118.30,128.18,157.77,130.14
2022-01-14,144.26,135.26,211.88,138.01,107.09,119.12,124.34,132.30,160.70,133.40
2022-01-13,143.53,132.91,208.99,137.12,106.48,117.18,123.04,132.48,157.93,133.55
2022-01-12,146.31,138.78,220.19,139.94,109.12,119.61,116.89,137.99,169.36,134.34
2022-01-11,145.94,137.35,218.76,138.26,109.22,120.01,114.18,138.00,162.96,134.60
2022-01-10,143.53,137.04,215.48,137.21,106.66,117.75,110.50,137.80,162.00,135.82
2022-01-07,143.51,136.94,214.28,135.57,107.37,119.08,109.17,137.36,157.23,133.13
2022-01-06,143.37,136.87,221.60,136.29,107.83,119.32,113.56,141.32,163.01,131.35
2022-01-05,145.80,137.96,217.08,136.32,108.56,116.35,112.32,142.65,166.59,131.04
2022-01-04,149.79,143.47,230.34,142.88,110.65,120.78,117.92,148.84,176.00,134.65
2022-01-03,151.71,145.97,236.88,143.46,112.55,121.51,113.85,147.15,183.69,133.22
2021-12-31,148.01,146.65,231.30,143.32,110.12,120.72,106.35,147.62,161.79,132.18
2021-12-30,148.54,147.96,232.67,144.66,111.39,123.59,106.45,147.54,163.87,133.39
2021-12-29,149.52,149.11,235.94,145.11,111.76,123.09,107.32,149.22,166.30,133.69
2021-12-28,149.45,148.80,238.46,145.14,112.72,124.26,107.90,148.41,166.65,134.36
2021-12-27,150.31,149.33,243.36,146.34,112.07,124.25,108.46,149.59,167.48,135.71
2021-12-23,146.94,145.94,233.10,145.37,112.99,120.32,106.68,147.48,163.36,135.98
2021-12-22,146.40,145.29,231.21,144.87,112.97,118.60,107.22,145.35,154.46,136.20
2021-12-21,144.19,142.72,228.65,141.96,112.56,119.95,103.81,143.37,143.69,138.70
2021-12-20,141.49,139.50,217.99,140.11,110.36,116.81,101.60,142.19,137.78,138.89
2021-12-17,142.65,141.19,218.63,140.23,112.30,119.80,102.82,139.97,142.78,146.44
2021-12-16,143.59,141.67,223.24,142.92,111.54,120.20,103.04,136.82,141.91,156.44
2021-12-15,149.45,145.93,239.54,144.89,114.48,122.63,105.99,141.05,149.43,157.10
2021-12-14,145.31,143.17,222.85,142.39,111.69,119.78,102.37,135.55,146.75,151.40
2021-12-13,146.49,148.00,221.46,144.29,112.00,120.05,102.49,137.04,147.96,152.91
2021-12-10,149.58,149.37,237.48,146.44,113.75,118.35,104.87,139.24,155.71,155.55
2021-12-09,145.50,145.25,239.78,146.08,115.04,118.38,105.20,128.61,153.68,134.54
2021-12-08,145.94,146.07,250.29,146.62,116.35,118.64,107.22,129.74,163.66,134.80
2021-12-07,142.69,146.04,255.01,145.71,116.36,115.86,107.68,130.14,161.02,136.48
2021-12-06,137.80,142.24,236.22,141.64,113.19,114.09,104.88,124.54,154.48,134.80
2021-12-03,134.90,140.85,241.38,140.50,111.95,110.13,105.05,123.03,155.39,133.74
2021-12-02,136.50,143.68,252.65,141.46,113.52,111.40,107.13,121.78,166.05,136.39
2021-12-01,137.34,143.93,247.21,139.56,113.73,111.48,106.19,122.29,167.65,136.03
2021-11-30,137.78,144.16,256.94,140.40,115.82,116.45,103.13,122.05,175.26,137.53
2021-11-29,133.57,146.79,262.44,143.99,117.62,121.32,105.00,124.40,174.08,140.86
2021-11-26,130.71,143.76,247.72,140.68,115.74,119.56,103.08,120.49,165.64,139.94
2021-11-24,134.98,147.35,256.92,144.58,118.24,122.41,106.26,123.16,170.86,141.83
2021-11-23,134.54,147.25,249.63,144.24,118.23,121.04,106.83,122.37,169.79,140.86
2021-11-22,134.22,148.18,251.28,144.76,117.98,122.39,109.82,121.96,177.12,143.39
2021-11-19,133.82,149.61,259.37,147.35,121.42,123.93,109.39,125.37,174.09,142.42
2021-11-18,131.59,148.81,249.07,148.26,122.06,121.56,108.62,126.71,167.86,143.47
2021-11-17,127.94,147.87,230.09,146.48,117.21,122.31,104.81,125.57,166.73,144.49
2021-11-16,125.86,147.77,237.49,146.31,116.93,123.09,103.95,125.38,161.48,144.91
2021-11-15,125.03,146.28,236.09,146.88,117.10,124.74,103.98,124.72,155.15,142.50
2021-11-12,125.02,146.56,238.97,147.11,116.42,122.35,104.48,124.15,158.22,141.77
2021-11-11,123.26,144.69,238.97,144.23,114.68,117.63,104.04,122.43,162.83,142.53
2021-11-10,123.30,143.98,231.64,144.35,115.00,117.59,104.05,120.97,163.51,142.21
2021-11-09,125.71,146.23,241.06,147.35,118.11,120.37,107.20,122.96,156.70,143.36
2021-11-08,125.40,146.68,242.22,147.46,115.22,121.53,106.44,123.21,178.05,144.20
2021-11-05,126.10,146.27,233.95,147.28,116.22,122.44,103.70,123.21,187.10,143.91
2021-11-04,125.65,146.44,234.33,146.70,114.83,120.54,103.69,120.94,188.30,144.94
2021-11-03,126.09,145.38,209.15,145.05,111.76,119.02,100.36,119.56,185.84,145.73
2021-11-02,124.87,145.00,207.60,143.90,109.40,117.75,100.45,118.39,179.44,145.30
2021-11-01,123.98,143.36,203.08,141.98,109.58,118.43,100.46,116.40,185.04,143.05
2021-10-29,124.68,144.34,201.04,146.48,111.38,116.13,100.09,117.20,170.56,145.41
2021-10-28,126.99,141.18,196.12,144.31,113.82,113.75,102.13,116.74,164.90,145.85
2021-10-27,123.89,140.66,192.26,144.67,112.04,112.06,100.14,115.31,158.90,145.55
2021-10-26,124.28,134.98,194.36,137.84,111.50,113.35,100.51,117.68,155.92,146.99
2021-10-25,123.72,134.12,182.16,136.00,109.66,117.97,100.04,115.08,156.91,148.37
2021-10-22,123.76,134.56,178.70,136.11,110.16,116.51,100.56,113.61,139.27,148.91
2021-10-21,124.42,135.26,178.43,140.39,113.44,122.70,102.37,113.34,136.87,145.96
2021-10-20,124.23,133.80,173.80,140.27,112.78,122.31,101.76,112.29,132.56,146.47
2021-10-19,123.82,134.16,175.27,141.72,113.74,122.03,102.96,112.51,132.32,147.11
2021-10-18,121.98,133.75,174.74,141.27,113.83,120.36,101.54,110.96,133.22,146.27
2021-10-15,120.55,132.41,171.91,139.88,112.58,116.56,101.11,110.93,129.07,144.49
2021-10-14,119.65,131.77,170.99,139.66,108.98,117.91,99.09,109.69,125.29,144.41
2021-10-13,117.28,128.97,164.65,136.13,108.46,116.48,96.82,106.91,124.18,146.11
2021-10-12,117.78,127.48,162.54,135.01,107.24,116.20,96.13,106.97,123.36,144.85
2021-10-11,118.86,128.07,162.73,137.45,107.21,116.81,97.06,108.53,121.25,144.43
2021-10-08,118.94,128.34,163.80,138.31,108.61,118.46,96.87,108.64,120.26,143.06
2021-10-07,119.26,128.34,165.72,137.76,109.06,118.16,97.57,108.88,121.50,139.42
2021-10-06,118.19,127.58,162.77,136.11,107.73,119.75,96.25,107.74,119.84,137.96
2021-10-05,117.45,125.69,160.81,134.59,106.37,119.50,96.18,107.00,119.51,138.19
2021-10-04,115.81,123.23,155.16,132.25,105.34,117.09,95.97,104.92,119.65,134.82
2021-10-01,118.73,125.83,163.10,135.10,108.43,123.11,98.21,107.43,118.69,135.54
2021-09-30,117.77,122.71,162.90,132.26,108.49,121.81,98.29,106.90,118.73,131.60
2021-09-29,118.88,123.61,161.33,132.94,109.02,121.89,98.26,107.90,119.62,137.82
2021-09-28,118.12,123.40,162.76,134.40,109.51,122.26,98.51,108.24,119.05,136.67
2021-09-27,120.99,128.04,170.32,139.58,112.48,126.90,102.25,111.29,121.16,137.51
2021-09-24,122.28,130.29,173.63,140.71,113.13,126.68,101.80,111.30,118.56,135.84
2021-09-23,122.21,130.39,176.78,139.73,112.81,124.17,102.28,111.17,115.38,135.06
2021-09-22,121.39,129.96,172.53,138.80,111.63,123.18,102.00,110.35,115.12,133.58
2021-09-21,119.38,128.31,167.06,137.57,110.42,128.30,101.20,108.23,113.20,131.28
2021-09-20,118.97,128.10,166.02,137.25,110.82,127.66,100.97,108.28,111.79,130.15
2021-09-17,121.57,130.52,172.21,139.31,114.35,130.90,103.66,110.73,116.28,130.48
2021-09-16,123.84,132.85,174.89,142.09,115.20,133.90,106.33,111.02,115.90,131.78
2021-09-15,124.04,132.68,175.67,142.90,114.79,134.20,106.52,111.55,115.72,132.51
2021-09-14,123.28,130.49,174.89,141.04,113.94,135.14,107.91,109.82,113.98,130.48
2021-09-13,124.47,129.27,174.19,140.83,114.17,135.13,108.38,109.19,113.75,134.26
2021-09-10,123.99,128.71,176.75,139.39,114.57,135.92,107.81,109.01,112.72,135.45
2021-09-09,128.24,129.38,174.38,142.03,115.07,135.67,107.56,107.99,115.57,135.24
2021-09-08,129.10,130.67,175.66,142.17,116.43,135.51,106.86,108.19,115.42,135.13
2021-09-07,130.42,130.66,178.20,142.76,115.90,137.17,109.33,108.67,115.27,134.00
2021-09-03,128.43,131.07,179.62,142.22,114.86,135.04,108.69,108.91,112.31,135.93
2021-09-02,127.89,131.08,176.11,141.77,114.37,134.69,105.90,107.64,112.13,135.63
2021-09-01,126.94,131.37,176.46,143.68,114.89,137.12,105.61,107.92,112.39,135.86
2021-08-31,126.37,131.40,176.02,143.17,114.62,136.16,104.34,108.81,112.64,134.62
2021-08-30,127.45,132.14,178.37,143.06,113.00,136.62,104.32,109.17,111.90,135.10
2021-08-27,123.68,130.46,177.96,142.48,110.62,133.74,103.88,108.53,109.00,134.95
2021-08-26,122.80,130.18,173.50,139.95,109.51,130.78,103.54,106.30,107.35,134.00
2021-08-25,123.48,131.45,174.64,140.58,108.96,132.22,102.60,105.79,108.89,133.85
2021-08-24,124.53,131.72,171.33,139.77,109.17,131.19,98.29,105.35,108.47,133.74
2021-08-23,124.61,132.60,172.63,138.56,107.86,130.41,97.28,105.58,108.14,134.61
2021-08-20,123.34,132.48,163.65,135.98,105.68,128.98,94.79,103.98,104.15,134.33
2021-08-19,122.10,129.17,155.65,134.25,105.28,127.46,96.89,103.62,103.11,133.99
2021-08-18,121.82,126.54,149.69,134.02,105.72,127.58,96.83,102.63,105.49,134.33
2021-08-17,125.01,127.32,152.98,135.22,107.07,128.65,97.41,104.75,101.92,137.37
2021-08-16,125.78,127.98,156.84,136.85,108.95,131.56,100.50,106.82,105.05,137.17
2021-08-13,124.10,127.22,158.72,136.27,108.78,130.35,101.26,106.39,109.80,136.51
2021-08-12,123.92,125.90,156.49,135.75,109.10,130.16,101.44,105.97,110.58,135.65
2021-08-11,121.40,124.66,154.87,134.84,108.72,129.19,101.69,105.82,108.37,135.38
2021-08-10,121.19,124.44,156.73,135.36,109.67,129.61,102.01,105.53,108.70,135.39
2021-08-09,121.59,125.26,159.56,135.47,110.37,129.79,103.64,106.06,109.28,135.78
2021-08-06,121.64,125.75,160.12,134.31,110.47,130.47,103.64,106.23,107.03,135.21
2021-08-05,122.22,125.78,162.25,134.81,111.49,130.27,104.52,106.72,109.41,135.07
2021-08-04,122.13,124.47,159.39,133.70,110.79,128.82,104.10,106.75,108.84,136.01
2021-08-03,122.47,124.73,155.78,134.20,111.17,126.06,103.81,106.52,108.66,135.54
2021-08-02,120.94,123.73,155.27,133.43,110.02,126.32,102.45,106.06,108.65,132.31
2021-07-30,121.22,123.77,153.30,133.30,109.89,127.88,102.26,106.22,105.21,131.62
2021-07-29,121.04,124.46,154.58,134.34,118.89,128.61,101.83,105.94,103.70,132.36
2021-07-28,120.49,124.34,153.33,134.66,119.89,133.97,100.88,104.52,99.05,131.68
2021-07-27,121.98,124.48,151.01,130.51,119.76,132.01,99.54,104.02,98.72,132.61
2021-07-26,123.82,125.57,151.69,132.62,122.19,133.68,101.39,105.53,100.68,132.70
2021-07-23,123.46,125.84,153.76,131.61,120.76,132.72,102.39,105.73,98.50,132.45
2021-07-22,122.00,124.31,154.05,127.07,120.15,126.05,102.19,104.24,99.40,136.98
2021-07-21,120.84,122.25,152.60,126.20,118.40,124.27,103.34,104.82,100.33,135.47
2021-07-20,121.46,121.34,146.33,124.88,118.01,122.63,102.05,102.54,101.12,133.91
2021-07-19,118.39,120.34,147.64,123.26,117.23,120.94,101.13,101.90,98.94,131.37
2021-07-16,121.66,121.97,142.78,125.63,118.02,122.45,101.47,102.43,98.63,132.14
2021-07-15,123.40,122.09,149.11,125.66,119.92,123.63,103.04,104.46,99.61,130.26
2021-07-14,123.96,122.73,155.99,126.88,121.59,124.77,109.05,105.39,100.03,133.34
2021-07-13,121.04,122.07,159.20,126.00,121.45,126.37,108.62,105.92,102.35,131.03
2021-07-12,120.09,120.48,161.27,125.63,122.81,126.75,107.51,106.30,104.98,131.04
2021-07-09,120.60,120.74,157.63,124.19,122.83,125.77,105.70,105.08,100.58,132.06
2021-07-08,119.04,120.52,156.47,123.72,123.23,124.06,103.34,102.96,99.95,128.80
2021-07-07,120.15,121.61,160.16,125.14,122.08,125.79,103.67,102.75,98.70,129.55
2021-07-06,118.03,120.62,162.73,124.86,121.39,126.62,105.25,103.57,100.98,125.02
2021-07-02,116.32,120.62,161.07,123.94,115.95,127.31,104.25,102.45,103.94,123.13
2021-07-01,114.08,117.99,158.90,121.15,113.37,127.19,103.82,102.77,103.79,119.69
2021-06-30,113.82,117.69,157.26,120.80,113.61,124.80,105.35,104.35,104.06,117.14
2021-06-29,113.30,117.90,157.45,120.98,113.88,126.30,105.41,104.42,104.23,117.53
2021-06-28,112.01,116.74,157.12,121.24,113.74,127.64,104.86,103.46,105.44,118.13
2021-06-25,110.62,115.13,149.62,121.22,112.33,122.52,102.16,101.14,102.86,118.07
2021-06-24,110.87,115.86,150.99,121.21,113.91,123.17,102.79,102.86,104.08,116.99
2021-06-23,111.12,115.24,149.83,120.84,115.71,122.24,101.74,102.12,100.52,117.53
2021-06-22,111.35,115.34,148.49,121.04,115.77,121.68,100.23,101.64,95.49,118.40
2021-06-21,109.95,114.09,144.87,120.53,114.07,119.26,100.07,101.67,95.05,117.36
2021-06-18,108.42,112.70,146.54,118.84,115.16,118.32,101.51,100.64,95.43,114.71
2021-06-17,109.53,113.34,146.68,120.46,115.23,120.78,104.43,102.31,94.40,116.71
2021-06-16,108.16,111.81,140.02,119.50,112.79,118.83,103.07,101.13,92.61,115.99
2021-06-15,107.74,112.24,139.85,120.14,111.73,120.86,104.32,102.21,91.76,122.85
2021-06-14,108.44,112.90,141.66,121.15,111.75,120.87,105.67,103.32,94.57,124.33
2021-06-11,105.84,112.03,140.14,120.23,110.53,118.89,103.28,102.20,93.38,124.75
2021-06-10,104.81,111.75,136.99,120.47,110.62,119.32,103.27,101.76,93.41,123.85
2021-06-09,105.65,110.17,136.47,119.13,108.36,118.53,102.30,100.73,91.67,127.19
2021-06-08,105.33,109.72,137.21,118.66,107.80,119.76,101.24,100.65,92.41,127.32
2021-06-07,104.63,110.26,138.49,118.85,105.61,120.80,103.25,100.70,92.65,126.32
2021-06-04,104.62,108.95,138.17,118.41,105.89,118.57,104.38,103.14,91.72,124.74
2021-06-03,102.67,106.74,133.38,116.14,105.25,117.02,102.03,100.92,87.70,122.03
2021-06-02,103.93,107.43,131.88,117.28,106.80,118.14,103.89,102.86,92.64,120.79
2021-06-01,103.29,107.48,127.84,117.80,106.30,118.13,103.50,101.68,95.52,119.74
2021-05-28,103.56,108.47,127.68,116.60,106.44,117.99,102.50,102.56,95.72,118.49
2021-05-27,104.12,108.31,121.74,116.89,106.68,119.43,101.11,101.55,96.58,118.85
2021-05-26,105.42,109.25,123.40,117.76,107.83,117.60,101.31,99.99,94.79,119.27
2021-05-25,105.46,109.35,122.99,116.90,107.63,117.65,99.81,99.78,92.58,118.63
2021-05-24,105.63,108.95,122.71,116.81,107.17,116.51,99.24,99.70,92.85,119.45
2021-05-21,104.24,106.51,117.84,113.50,105.78,113.50,97.69,97.98,88.93,118.93
2021-05-20,105.80,107.08,114.86,114.13,107.26,114.35,98.93,98.79,89.84,118.46
2021-05-19,103.63,105.62,110.56,112.38,106.73,112.55,98.17,95.91,86.27,118.49
2021-05-18,103.76,105.36,110.17,111.93,106.75,111.25,96.80,94.18,88.47,118.42
2021-05-17,104.94,106.27,111.34,113.24,108.01,113.22,95.90,95.52,88.31,119.00
2021-05-14,105.92,107.55,111.95,112.72,106.44,113.39,98.22,95.89,90.29,118.72
2021-05-13,103.86,105.34,107.41,110.28,104.41,109.56,94.98,93.50,87.53,117.59
2021-05-12,102.03,103.59,108.14,108.85,104.09,108.59,94.51,91.71,90.31,115.50
2021-05-11,104.64,106.72,112.45,112.30,106.47,110.02,98.56,95.55,94.49,116.91
2021-05-10,105.42,107.13,112.13,113.38,105.37,109.82,98.09,94.69,96.31,120.61
2021-05-07,108.21,109.42,116.43,116.35,108.71,114.52,102.03,98.27,102.94,120.99
2021-05-06,107.64,108.24,114.15,115.63,109.19,114.86,102.18,97.40,101.59,120.00
2021-05-05,106.28,106.83,113.65,114.52,108.01,113.06,100.77,96.37,102.72,119.17
2021-05-04,106.07,107.40,112.80,114.12,109.38,114.26,100.75,96.52,103.13,118.17
2021-05-03,109.96,109.16,116.62,115.92,111.84,115.78,101.26,97.74,104.86,116.37
2021-04-30,109.07,109.30,117.98,116.43,114.51,116.68,101.96,99.06,108.62,114.05
2021-04-29,110.74,109.44,120.45,118.37,114.64,118.27,104.02,101.25,103.65,114.17
2021-04-28,110.83,110.33,120.08,116.71,114.22,110.22,104.51,99.71,106.31,112.52
2021-04-27,111.50,113.54,120.90,113.34,112.86,108.95,105.91,101.26,107.90,113.19
2021-04-26,111.77,113.36,121.66,114.28,112.58,108.76,106.13,102.45,113.02,112.11
2021-04-23,111.44,113.19,119.99,113.78,110.33,108.08,103.62,101.21,111.67,112.82
2021-04-22,109.47,111.46,116.72,111.44,109.28,106.42,100.72,98.82,110.19,112.67
2021-04-21,110.76,112.94,120.73,112.71,111.03,108.20,102.53,99.83,113.93,115.36
2021-04-20,110.44,111.94,119.25,112.75,110.13,108.62,100.39,99.29,110.08,119.24
2021-04-19,111.87,112.14,120.74,113.28,111.36,108.48,100.79,100.31,109.41,118.51
2021-04-16,111.31,113.01,125.07,112.93,112.27,109.89,103.79,103.96,113.26,118.81
2021-04-15,111.59,112.47,126.84,113.06,111.60,110.48,103.36,104.22,113.12,117.81
2021-04-14,109.54,110.78,120.08,110.91,110.07,108.69,105.54,103.64,112.11,115.60
2021-04-13,111.53,112.04,123.24,111.53,112.29,111.18,105.91,105.30,116.71,115.38
2021-04-12,108.89,110.92,119.54,111.05,111.61,111.82,105.59,105.02,107.47,114.55
2021-04-09,110.35,110.89,113.19,112.33,111.37,112.15,107.25,105.33,103.65,113.74
2021-04-08,108.16,109.77,112.53,111.33,108.96,112.35,107.80,105.41,104.69,113.28
2021-04-07,106.11,108.31,111.17,110.77,108.30,112.37,104.71,104.76,102.73,111.46
2021-04-06,104.71,107.43,108.95,109.30,106.47,109.92,106.93,105.06,105.89,111.30
2021-04-05,104.46,107.95,109.94,109.78,106.56,110.87,108.73,106.06,105.80,111.12
2021-04-01,102.05,105.04,108.56,105.36,104.39,107.19,109.00,103.34,101.32,107.60
2021-03-31,101.34,102.19,104.92,102.04,102.18,105.71,103.30,100.68,102.26,105.14
2021-03-30,99.48,100.49,101.17,101.24,100.90,103.37,100.50,99.05,97.31,105.71
2021-03-29,100.71,101.96,101.77,101.21,101.58,104.38,99.90,102.62,93.59,106.58
2021-03-26,100.56,102.50,100.92,100.17,100.79,101.58,101.80,104.67,94.73,105.26
2021-03-25,100.05,100.70,98.53,100.55,100.60,100.04,96.46,100.25,98.04,102.83
2021-03-24,99.63,102.05,99.38,100.55,101.95,101.26,95.16,99.29,96.50,100.13
2021-03-23,101.67,102.97,102.74,100.99,103.62,104.31,100.34,100.76,101.38,100.79
2021-03-22,102.37,102.28,103.65,100.46,102.74,105.35,102.34,103.20,102.58,99.37
2021-03-19,99.55,99.84,100.97,100.28,101.55,104.12,99.24,103.02,100.26,99.28
2021-03-18,100.00,100.00,100.00,100.00,100.00,100.00,100.00,100.00,100.00,100.00
